DROP DATABASE IF EXISTS sbma;
CREATE DATABASE IF NOT EXISTS sbma;
USE sbma;

CREATE TABLE IF NOT EXISTS grande_area(

codigo INT auto_increment,
descricao VARCHAR(100) NOT NULL,

PRIMARY KEY (codigo)
);


CREATE TABLE IF NOT EXISTS area_conhecimento(

codigo INT not null,
ref int not null,
descricao VARCHAR(100) NOT NULL,
ga int not null,

PRIMARY KEY (codigo),
FOREIGN key (ga) REFERENCES grande_area(codigo)
);

CREATE TABLE IF NOT EXISTS area_especifica(

codigo INT not null,
descricao VARCHAR(100) NOT NULL,
ref int not null,
ac int not null,

PRIMARY KEY (codigo),
FOREIGN key (ac) REFERENCES area_conhecimento(codigo)
);

CREATE TABLE IF NOT EXISTS sub_area(

codigo INT auto_increment,
ref int not null,
descricao VARCHAR(100) NOT NULL,
ae int not null,

PRIMARY KEY (codigo),
FOREIGN key (ae) REFERENCES area_especifica(codigo)
);


CREATE TABLE IF NOT EXISTS documentos(

codigo INT auto_increment,
autores varchar(500) not null,
data_cadastro DATE NOT NULL,
data_defesa DATE not null,
orientador varchar(255) not null,
co_orientador varchar(255) not null,
titulo VARCHAR(255) NOT NULL,
sub_titulo varchar(255),
tipo int not null,
palavras_chaves varchar(100) not null,
sub_area INT ,
resumo text,
caminho varchar(255),

PRIMARY KEY (codigo)

);

CREATE TABLE IF NOT EXISTS usuarios(

senha VARCHAR(255) NOT NULL,
tipo boolean not null,
ativo boolean NOT NULL,
email VARCHAR(50) NOT NULL,

PRIMARY KEY (email)

);

select * from documentos;
INSERT INTO grande_area values (1,'Ciências Exatas e da Terra');

INSERT INTO area_conhecimento (ga,codigo,ref,descricao)values (1,1,8,'Matemática');

INSERT INTO area_especifica (ac,codigo,ref,descricao)values (1,1,4,'Álgebra');
INSERT INTO sub_area (ae,codigo,ref,descricao)values (1,default,2,'Conjuntos');
INSERT INTO sub_area (ae,codigo,ref,descricao)values (1,default,0,'Lógica Matemática');
INSERT INTO sub_area (ae,codigo,ref,descricao)values (1,default,9,'Teoria dos Números');
INSERT INTO sub_area (ae,codigo,ref,descricao)values (1,default,7,'Grupos de Algebra Não-Comutaviva');
INSERT INTO sub_area (ae,codigo,ref,descricao)values (1,default,5,'Algebra Comutativa');
INSERT INTO sub_area (ae,codigo,ref,descricao)values (1,default,3,'Geometria Algebrica');

INSERT INTO area_especifica (ac,codigo,ref,descricao)values (1,2,0,'Análise');
INSERT INTO sub_area (ae,codigo,ref,descricao)values (2,default,9,'Análise Complexa');
INSERT INTO sub_area (ae,codigo,ref,descricao)values (2,default,7,'Análise Funcional');
INSERT INTO sub_area (ae,codigo,ref,descricao)values (2,default,5,'Análise Funcional Não-Linear');
INSERT INTO sub_area (ae,codigo,ref,descricao)values (2,default,3,'Equações Diferênciais Ordinárias');
INSERT INTO sub_area (ae,codigo,ref,descricao)values (2,default,1,'Equações Diferênciais Parciais');
INSERT INTO sub_area (ae,codigo,ref,descricao)values (2,default,0,'Equações Diferênciais Funcionais');

INSERT INTO area_especifica (ac,codigo,ref,descricao)values (1,3,7,'Geometria e Topologia');
INSERT INTO sub_area (ae,codigo,ref,descricao)values (3,default,5,'Geometria Diferêncial');
INSERT INTO sub_area (ae,codigo,ref,descricao)values (3,default,3,'Topologia Algébrica');
INSERT INTO sub_area (ae,codigo,ref,descricao)values (3,default,1,'Topologia das Variedades');
INSERT INTO sub_area (ae,codigo,ref,descricao)values (3,default,0,'Sistemas Dinâmicos');
INSERT INTO sub_area (ae,codigo,ref,descricao)values (3,default,8,'Teoria das Singularidades e Teoria das Catástrofes');
INSERT INTO sub_area (ae,codigo,ref,descricao)values (3,default,6,'Teoria das Folheações');

INSERT INTO area_especifica (ac,codigo,ref,descricao)values (1,4,3,'Matemática Aplicada');
INSERT INTO sub_area (ae,codigo,ref,descricao)values (4,default,1,'Física Matemática');
INSERT INTO sub_area (ae,codigo,ref,descricao)values (4,default,0,'Análise Numérica');
INSERT INTO sub_area (ae,codigo,ref,descricao)values (4,default,8,'Matemática Discreta e Combinatoria');

INSERT INTO area_conhecimento (ga,codigo,ref,descricao)values (1,2,2,'Probabilidade e Estatística');

INSERT INTO area_especifica (ac,codigo,ref,descricao)values (2,5,9,'Probabilidade');
INSERT INTO sub_area (ae,codigo,ref,descricao)values (5,default,7,'Teoria Geral e Fundamentos da Probabilidade');
INSERT INTO sub_area (ae,codigo,ref,descricao)values (5,default,7,'Teoria Geral e Processos Estocásticos');
INSERT INTO sub_area (ae,codigo,ref,descricao)values (5,default,7,'Teoremas de Limite');
INSERT INTO sub_area (ae,codigo,ref,descricao)values (5,default,7,'Processos Markovianos');
INSERT INTO sub_area (ae,codigo,ref,descricao)values (5,default,7,'Análise Estocástica');
INSERT INTO sub_area (ae,codigo,ref,descricao)values (5,default,7,'Processos Estocásticos Especiais');

INSERT INTO area_especifica (ac,codigo,ref,descricao)values (2,6,9,'Estatística');
INSERT INTO sub_area (ae,codigo,ref,descricao)values (6,default,7,'Fundamentos da Estatistica');
INSERT INTO sub_area (ae,codigo,ref,descricao)values (6,default,7,'Inferência Paramétrica');
INSERT INTO sub_area (ae,codigo,ref,descricao)values (6,default,7,'Inferência Nao-Paramétrica');
INSERT INTO sub_area (ae,codigo,ref,descricao)values (6,default,7,'Inferência em Processos Estocásticos');
INSERT INTO sub_area (ae,codigo,ref,descricao)values (6,default,7,'Análise Multivariada');
INSERT INTO sub_area (ae,codigo,ref,descricao)values (6,default,7,'Regressão e Correlação');
INSERT INTO sub_area (ae,codigo,ref,descricao)values (6,default,7,'Planejamento de Experimentos');
INSERT INTO sub_area (ae,codigo,ref,descricao)values (6,default,7,'Análise de Dados');

INSERT INTO area_especifica (ac,codigo,ref,descricao)values (2,7,9,'Probabilidade e Estatística Aplicadas');
INSERT INTO sub_area (ae,codigo,ref,descricao)values (7,default,7,'Probabilidade e Estatística Aplicadas');

INSERT INTO area_conhecimento (ga,codigo,ref,descricao)values (1,3,5,'Ciência da Computação');

INSERT INTO area_especifica (ac,codigo,ref,descricao)values (3,8,9,'Teoria da Computação');
INSERT INTO sub_area (ae,codigo,ref,descricao)values (8,default,7,'Computabilidade e Modelos de Computação');
INSERT INTO sub_area (ae,codigo,ref,descricao)values (8,default,7,'Linguagem Formais e Automatos');
INSERT INTO sub_area (ae,codigo,ref,descricao)values (8,default,7,'Análise de Algoritmos e Complexidade de Computação');
INSERT INTO sub_area (ae,codigo,ref,descricao)values (8,default,7,'Lógicas e Semântica de Programas');

INSERT INTO area_especifica (ac,codigo,ref,descricao)values (3,9,9,'Matemática da Computação');
INSERT INTO sub_area (ae,codigo,ref,descricao)values (9,default,7,'Matemática Simbólica');
INSERT INTO sub_area (ae,codigo,ref,descricao)values (9,default,7,'Modelos Analíticos e de Simulação');

INSERT INTO area_especifica (ac,codigo,ref,descricao)values (3,10,9,'Metodologia e Técnicas da Computação');
INSERT INTO sub_area (ae,codigo,ref,descricao)values (10,default,7,'Linguagens de Programação');
INSERT INTO sub_area (ae,codigo,ref,descricao)values (10,default,7,'Engenharia de Software');
INSERT INTO sub_area (ae,codigo,ref,descricao)values (10,default,7,'Sistemas de Informação');
INSERT INTO sub_area (ae,codigo,ref,descricao)values (10,default,7,'Processamento Gráfico (Graphics)');
INSERT INTO sub_area (ae,codigo,ref,descricao)values (10,default,7,'Banco de Dados');

INSERT INTO area_especifica (ac,codigo,ref,descricao)values (3,11,9,'Sistemas de Computação');
INSERT INTO sub_area (ae,codigo,ref,descricao)values (11,default,7,'Hardware');
INSERT INTO sub_area (ae,codigo,ref,descricao)values (11,default,7,'Arquitetura de Sistemas de Computação');
INSERT INTO sub_area (ae,codigo,ref,descricao)values (11,default,7,'Software Básico');
INSERT INTO sub_area (ae,codigo,ref,descricao)values (11,default,7,'Teleinformática');

INSERT INTO area_conhecimento (ga,codigo,ref,descricao)values (1,4,5,'Astronomia');

INSERT INTO area_especifica (ac,codigo,ref,descricao)values (4,12,9,'Astronomia de Posição e Mecânica Celeste');
INSERT INTO sub_area (ae,codigo,ref,descricao)values (12,default,7,'Astronomia Fundamental');
INSERT INTO sub_area (ae,codigo,ref,descricao)values (12,default,7,'Astronomia Dinâmica');

INSERT INTO area_especifica (ac,codigo,ref,descricao)values (4,13,9,'Astrofísica Estelar');
INSERT INTO sub_area (ae,codigo,ref,descricao)values (13,default,7,'Astrofísica Estelar');

INSERT INTO area_especifica (ac,codigo,ref,descricao)values (4,14,9,' Astrofísica do Meio Interestelar');
INSERT INTO sub_area (ae,codigo,ref,descricao)values (14,default,7,'Meio Interestelar');
INSERT INTO sub_area (ae,codigo,ref,descricao)values (14,default,7,'Nebulosa');

INSERT INTO area_especifica (ac,codigo,ref,descricao)values (4,15,9,'Astrofísica Extragaláctica');
INSERT INTO sub_area (ae,codigo,ref,descricao)values (15,default,7,'Galáxias');
INSERT INTO sub_area (ae,codigo,ref,descricao)values (15,default,7,'Aglomerados de Galáxias');
INSERT INTO sub_area (ae,codigo,ref,descricao)values (15,default,7,'Quasares');
INSERT INTO sub_area (ae,codigo,ref,descricao)values (15,default,7,'Cosmologia');

INSERT INTO area_especifica (ac,codigo,ref,descricao)values (4,16,9,'Astrofísica do Sistema Solar');
INSERT INTO sub_area (ae,codigo,ref,descricao)values (16,default,7,'Física Solar');
INSERT INTO sub_area (ae,codigo,ref,descricao)values (16,default,7,'Movimento da Terra');
INSERT INTO sub_area (ae,codigo,ref,descricao)values (16,default,7,'Sistema Planetário');

INSERT INTO area_especifica (ac,codigo,ref,descricao)values (4,17,9,'Instrumentação Astronômica');
INSERT INTO sub_area (ae,codigo,ref,descricao)values (17,default,7,'Astronômia Ótica');
INSERT INTO sub_area (ae,codigo,ref,descricao)values (17,default,7,'Radioastronomia');
INSERT INTO sub_area (ae,codigo,ref,descricao)values (17,default,7,'Astronomia Espacial');
INSERT INTO sub_area (ae,codigo,ref,descricao)values (17,default,7,'Processamento de Dados Astronômicos');


INSERT INTO area_conhecimento (ga,codigo,ref,descricao)values (1,5,5,'Física');

INSERT INTO area_especifica (ac,codigo,ref,descricao)values (5,18,9,'Física Geral');
INSERT INTO sub_area (ae,codigo,ref,descricao)values (18,default,7,'Métodos Matemáticos da Física');
INSERT INTO sub_area (ae,codigo,ref,descricao)values (18,default,7,'Física Clássica e Física Quântica; Mecânica e Campos');
INSERT INTO sub_area (ae,codigo,ref,descricao)values (18,default,7,'Relatividade e Gravitação');
INSERT INTO sub_area (ae,codigo,ref,descricao)values (18,default,7,'Física Estatística e Termodinâmica');
INSERT INTO sub_area (ae,codigo,ref,descricao)values (18,default,7,'Metrologia, Técnicas Gerais de Laboratório, Sistema de Instrumentação');
INSERT INTO sub_area (ae,codigo,ref,descricao)values (18,default,7,'Instrumentação Específica de Uso Geral em Física');

INSERT INTO area_especifica (ac,codigo,ref,descricao)values (5,19,9,'Áreas Clássicas de Fenomenologia e suas Aplicações');
INSERT INTO sub_area (ae,codigo,ref,descricao)values (19,default,7,'Eletricidade e Magnetismo; Campos e Partículas Carregadas');
INSERT INTO sub_area (ae,codigo,ref,descricao)values (19,default,7,'Ótica');
INSERT INTO sub_area (ae,codigo,ref,descricao)values (19,default,7,'Acústica');
INSERT INTO sub_area (ae,codigo,ref,descricao)values (19,default,7,'Transferência de Calor; Processos Térmicos e Termodinâmicos');
INSERT INTO sub_area (ae,codigo,ref,descricao)values (19,default,7,'Mecânica, Elasticidade e Reologia');
INSERT INTO sub_area (ae,codigo,ref,descricao)values (19,default,7,'Dinâmica dos Fluidos');

INSERT INTO area_especifica (ac,codigo,ref,descricao)values (5,20,9,'Física Nuclear');
INSERT INTO sub_area (ae,codigo,ref,descricao)values (20,default,7,'Estrutura Nuclear');
INSERT INTO sub_area (ae,codigo,ref,descricao)values (20,default,7,'Desintegração Nuclear e Radioatividade');
INSERT INTO sub_area (ae,codigo,ref,descricao)values (20,default,7,'Reações Nucleares e Espalhamento Geral  ');
INSERT INTO sub_area (ae,codigo,ref,descricao)values (20,default,7,'Reações Nucleares e Espalhamento (Reações Específicas) ');
INSERT INTO sub_area (ae,codigo,ref,descricao)values (20,default,7,'Propriedades de Núcleos Específicos');
INSERT INTO sub_area (ae,codigo,ref,descricao)values (20,default,7,'Métodos Experimentais e Instrumentação para Partículas Elementares e Física Nuclear  	');

INSERT INTO area_especifica (ac,codigo,ref,descricao)values (5,21,9,'Física Atômica e Molécular');		
INSERT INTO sub_area (ae,codigo,ref,descricao)values (21,default,7,'Estrutura Eletrônica de Átomos e Moléculas; Teoria');
INSERT INTO sub_area (ae,codigo,ref,descricao)values (21,default,7,'Espectros Atômicos e Integração de Fótons ');
INSERT INTO sub_area (ae,codigo,ref,descricao)values (21,default,7,'Espectros Moléculares e Interações de Fótons com Moléculas');
INSERT INTO sub_area (ae,codigo,ref,descricao)values (21,default,7,'Processos de Colisão e Interações de Átomos e Moléculas');
INSERT INTO sub_area (ae,codigo,ref,descricao)values (21,default,7,'Inf.Sobre Átomos e Moléculas Obtidos Experimentalmente;Instrumentação e Técnicas');
INSERT INTO sub_area (ae,codigo,ref,descricao)values (21,default,7,'Estudos de Átomos e Moléculas Especiais ');


INSERT INTO area_especifica (ac,codigo,ref,descricao)values (5,22,9,'Física dos Fluidos, Física de Plasmas e Descargas Elétricas');
INSERT INTO sub_area (ae,codigo,ref,descricao)values (22,default,7,'Cinética e Teoria de Transporte de Fluidos; Propriedades Físicas de Gases');
INSERT INTO sub_area (ae,codigo,ref,descricao)values (22,default,7,'Física de Plasmas e Descargas Elétricas');

INSERT INTO area_especifica (ac,codigo,ref,descricao)values (5,23,9,'Física da Matéria Condensada ');
INSERT INTO sub_area (ae,codigo,ref,descricao)values (23,default,7,'Estrutura de Líquidos e Sólidos; Cristalografia');
INSERT INTO sub_area (ae,codigo,ref,descricao)values (23,default,7,'Propriedades Mecânicas e Acústicas da Matéria Condensada');
INSERT INTO sub_area (ae,codigo,ref,descricao)values (23,default,7,'Dinâmica da Rede e Estatística de Cristais');
INSERT INTO sub_area (ae,codigo,ref,descricao)values (23,default,7,'Equação de Estado, Equilíbrio de Fases e Transições de Fase');
INSERT INTO sub_area (ae,codigo,ref,descricao)values (23,default,7,'Propriedades Térmicas da Matéria Condensada');
INSERT INTO sub_area (ae,codigo,ref,descricao)values (23,default,7,'Propriedades de Transportes de Matéria Condensada (Não Eletrônicas)');
INSERT INTO sub_area (ae,codigo,ref,descricao)values (23,default,7,'Campos Quânticos e Sólidos, Hélio, Líquido, Sólido');
INSERT INTO sub_area (ae,codigo,ref,descricao)values (23,default,7,'Superfícies e Interfaces; Películas e Filamentos');
INSERT INTO sub_area (ae,codigo,ref,descricao)values (23,default,7,'Estados Eletrônicos');
INSERT INTO sub_area (ae,codigo,ref,descricao)values (23,default,7,'Transp.Eletrônicos e Prop. Elétricas de Superfícies; Interfaces e Películas');
INSERT INTO sub_area (ae,codigo,ref,descricao)values (23,default,7,'Estruturas Eletrônicas e Propriedades Elétricas de Superfícies Interfaces e Películas  ');
INSERT INTO sub_area (ae,codigo,ref,descricao)values (23,default,7,'Supercondutividade');
INSERT INTO sub_area (ae,codigo,ref,descricao)values (23,default,7,'Materiais Magnéticos e Propriedades Magnéticas');
INSERT INTO sub_area (ae,codigo,ref,descricao)values (23,default,7,'Ressonância Mag.e Relax.Na Mat.Condens;Efeitos Mosbauer;Corr.Ang.Pertubada');
INSERT INTO sub_area (ae,codigo,ref,descricao)values (23,default,7,'Materiais Dielétricos e Propriedades Dielétricas');
INSERT INTO sub_area (ae,codigo,ref,descricao)values (23,default,7,'Prop.Óticas e Espectrosc.da Mat.Condens;Outras Inter.da Mat.Com Rad.e Part.');
INSERT INTO sub_area (ae,codigo,ref,descricao)values (23,default,7,'Emissão Eletrônica e Iônica por Líquidos e Sólidos; Fenômenos de Impacto');



INSERT INTO area_conhecimento (ga,codigo,ref,descricao)values (1,6,5,'Química');


INSERT INTO area_especifica (ac,codigo,ref,descricao)values (6,24,9,'Química Orgânica');
INSERT INTO sub_area (ae,codigo,ref,descricao)values (24,default,7,'Estrutura, Conformação e Estereoquímica');
INSERT INTO sub_area (ae,codigo,ref,descricao)values (24,default,7,'Sintese Orgânica');
INSERT INTO sub_area (ae,codigo,ref,descricao)values (24,default,7,'Fisico-Química Orgânica');
INSERT INTO sub_area (ae,codigo,ref,descricao)values (24,default,7,'Fotoquímica Orgânica');
INSERT INTO sub_area (ae,codigo,ref,descricao)values (24,default,7,'Química dos Produtos Naturais');
INSERT INTO sub_area (ae,codigo,ref,descricao)values (24,default,7,'Evolução, Sistemática e Ecologia Química');
INSERT INTO sub_area (ae,codigo,ref,descricao)values (24,default,7,'Polimeros e Colóides ');

INSERT INTO area_especifica (ac,codigo,ref,descricao)values (6,25,9,'Química Inorgânica');
INSERT INTO sub_area (ae,codigo,ref,descricao)values (25,default,7,'Campos de Coordenação ');
INSERT INTO sub_area (ae,codigo,ref,descricao)values (25,default,7,'Não-Metais e Seus Compostos');
INSERT INTO sub_area (ae,codigo,ref,descricao)values (25,default,7,'Compostos Organo-Metálicos');
INSERT INTO sub_area (ae,codigo,ref,descricao)values (25,default,7,'Determinação de Estrutura de Compostos Inorgânicos');
INSERT INTO sub_area (ae,codigo,ref,descricao)values (25,default,7,'Foto-Química Inorgânica');
INSERT INTO sub_area (ae,codigo,ref,descricao)values (25,default,7,'Fisico Química Inorgânica ');
INSERT INTO sub_area (ae,codigo,ref,descricao)values (25,default,7,'Química Bio-Inorgânica');

INSERT INTO area_especifica (ac,codigo,ref,descricao)values (6,26,9,'Fisico-Química ');
INSERT INTO sub_area (ae,codigo,ref,descricao)values (26,default,7,'Cinética Química e Catálise');
INSERT INTO sub_area (ae,codigo,ref,descricao)values (26,default,7,'Eletroquímica ');
INSERT INTO sub_area (ae,codigo,ref,descricao)values (26,default,7,'Espectroscopia ');
INSERT INTO sub_area (ae,codigo,ref,descricao)values (26,default,7,'Química de Interfaces ');
INSERT INTO sub_area (ae,codigo,ref,descricao)values (26,default,7,'Química do Estado Condensado');
INSERT INTO sub_area (ae,codigo,ref,descricao)values (26,default,7,'Química Nuclear e Radioquímica');
INSERT INTO sub_area (ae,codigo,ref,descricao)values (26,default,7,'Química Teórica');
INSERT INTO sub_area (ae,codigo,ref,descricao)values (26,default,7,'Termodinâmica Química');

INSERT INTO area_especifica (ac,codigo,ref,descricao)values (6,27,9,'Química Analítica');
INSERT INTO sub_area (ae,codigo,ref,descricao)values (27,default,7,'Separação ');
INSERT INTO sub_area (ae,codigo,ref,descricao)values (27,default,7,'Métodos Óticos de Análise');
INSERT INTO sub_area (ae,codigo,ref,descricao)values (27,default,7,'Eletroanalítica ');
INSERT INTO sub_area (ae,codigo,ref,descricao)values (27,default,7,'Gravimetria ');
INSERT INTO sub_area (ae,codigo,ref,descricao)values (27,default,7,'Titimetria ');
INSERT INTO sub_area (ae,codigo,ref,descricao)values (27,default,7,'Instrumentação Analítica');
INSERT INTO sub_area (ae,codigo,ref,descricao)values (27,default,7,'Análise de Traços e Química Ambiental');



INSERT INTO area_conhecimento (ga,codigo,ref,descricao)values (1,7,5,'GeoCiências');




INSERT INTO area_especifica (ac,codigo,ref,descricao)values (7,28,9,'Geologia');
INSERT INTO sub_area (ae,codigo,ref,descricao)values (28,default,7,'Mineralogia');
INSERT INTO sub_area (ae,codigo,ref,descricao)values (28,default,7,'Petrologia');
INSERT INTO sub_area (ae,codigo,ref,descricao)values (28,default,7,'Geoquímica');
INSERT INTO sub_area (ae,codigo,ref,descricao)values (28,default,7,'Geologia Regional');
INSERT INTO sub_area (ae,codigo,ref,descricao)values (28,default,7,'Geotectônica');
INSERT INTO sub_area (ae,codigo,ref,descricao)values (28,default,7,'Geocronologia');
INSERT INTO sub_area (ae,codigo,ref,descricao)values (28,default,7,'Cartografia Geológica');
INSERT INTO sub_area (ae,codigo,ref,descricao)values (28,default,7,'Metalogenia');
INSERT INTO sub_area (ae,codigo,ref,descricao)values (28,default,7,'Hidrogeologia');
INSERT INTO sub_area (ae,codigo,ref,descricao)values (28,default,7,'Prospecção Mineral');
INSERT INTO sub_area (ae,codigo,ref,descricao)values (28,default,7,'Sedimentologia');
INSERT INTO sub_area (ae,codigo,ref,descricao)values (28,default,7,'Paleontologia Estratigráfica');
INSERT INTO sub_area (ae,codigo,ref,descricao)values (28,default,7,'Estratigrafia');
INSERT INTO sub_area (ae,codigo,ref,descricao)values (28,default,7,'Geologia Ambiental');

INSERT INTO area_especifica (ac,codigo,ref,descricao)values (7,29,9,'Geofísica');
INSERT INTO sub_area (ae,codigo,ref,descricao)values (29,default,7,'Geomagnetismo');
INSERT INTO sub_area (ae,codigo,ref,descricao)values (29,default,7,'Sismologia');
INSERT INTO sub_area (ae,codigo,ref,descricao)values (29,default,7,'Geotermia e Fluxo Térmico');
INSERT INTO sub_area (ae,codigo,ref,descricao)values (29,default,7,'Propriedades Físicas das Rochas');
INSERT INTO sub_area (ae,codigo,ref,descricao)values (29,default,7,'Geofísica Nuclear');
INSERT INTO sub_area (ae,codigo,ref,descricao)values (29,default,7,'Sensoriamento Remoto');
INSERT INTO sub_area (ae,codigo,ref,descricao)values (29,default,7,'Aeronomia');
INSERT INTO sub_area (ae,codigo,ref,descricao)values (29,default,7,'Desenvolvimento de Instrumentação Geofísica');
INSERT INTO sub_area (ae,codigo,ref,descricao)values (29,default,7,'Geofísica Aplicada');
INSERT INTO sub_area (ae,codigo,ref,descricao)values (29,default,7,'Gravimetria');

INSERT INTO area_especifica (ac,codigo,ref,descricao)values (7,30,9,'Meteorologia');
INSERT INTO sub_area (ae,codigo,ref,descricao)values (30,default,7,'Meteorologia Dinâmica');
INSERT INTO sub_area (ae,codigo,ref,descricao)values (30,default,7,'Meteorologia Sinótica');
INSERT INTO sub_area (ae,codigo,ref,descricao)values (30,default,7,'Meteorologia Física');
INSERT INTO sub_area (ae,codigo,ref,descricao)values (30,default,7,'Química da Atmosfera');
INSERT INTO sub_area (ae,codigo,ref,descricao)values (30,default,7,'Instrumentação Meteorológica');
INSERT INTO sub_area (ae,codigo,ref,descricao)values (30,default,7,'Climatologia');
INSERT INTO sub_area (ae,codigo,ref,descricao)values (30,default,7,'Micrometeorologia');
INSERT INTO sub_area (ae,codigo,ref,descricao)values (30,default,7,'Sensoriamento Remoto da Atmosfera');
INSERT INTO sub_area (ae,codigo,ref,descricao)values (30,default,7,'Meteorologia Aplicada');

INSERT INTO area_especifica (ac,codigo,ref,descricao)values (7,31,9,'Geodesia');
INSERT INTO sub_area (ae,codigo,ref,descricao)values (31,default,7,'Geodesia Física');
INSERT INTO sub_area (ae,codigo,ref,descricao)values (31,default,7,'Geodesia Geométrica');
INSERT INTO sub_area (ae,codigo,ref,descricao)values (31,default,7,'Geodesia Celeste');
INSERT INTO sub_area (ae,codigo,ref,descricao)values (31,default,7,'Fotogrametria');
INSERT INTO sub_area (ae,codigo,ref,descricao)values (31,default,7,'Cartografia Básica');

INSERT INTO area_especifica (ac,codigo,ref,descricao)values (7,32,9,'Geografia Física');
INSERT INTO sub_area (ae,codigo,ref,descricao)values (32,default,7,'Geomorfologia');
INSERT INTO sub_area (ae,codigo,ref,descricao)values (32,default,7,'Climatologia Geográfica');
INSERT INTO sub_area (ae,codigo,ref,descricao)values (32,default,7,'Pedologia');
INSERT INTO sub_area (ae,codigo,ref,descricao)values (32,default,7,'Hidrogeografia');
INSERT INTO sub_area (ae,codigo,ref,descricao)values (32,default,7,'Geoecologia');
INSERT INTO sub_area (ae,codigo,ref,descricao)values (32,default,7,'Fotogeografia (Físico-Ecológica)');
INSERT INTO sub_area (ae,codigo,ref,descricao)values (32,default,7,'Geocartografia');

INSERT INTO area_especifica (ac,codigo,ref,descricao)values (5,33,9,'Física das Partículas Elementares e Campos');
INSERT INTO sub_area (ae,codigo,ref,descricao)values (33,default,7,'Teoria Geral de Partículas e Campos');
INSERT INTO sub_area (ae,codigo,ref,descricao)values (33,default,7,'Teorias Específicas e Modelos de Interação; Sistematica de Partículas; Raios Cósmicos');
INSERT INTO sub_area (ae,codigo,ref,descricao)values (33,default,7,'Reações Específicas e Fenomiologia de Partículas');
INSERT INTO sub_area (ae,codigo,ref,descricao)values (33,default,7,'Propriedades de Partículas Específicas e Ressonâncias');



INSERT INTO area_conhecimento (ga,codigo,ref,descricao)values (1,8,5,'Oceanografia');



INSERT INTO area_especifica (ac,codigo,ref,descricao)values (8,34,9,'Oceanografia Biológica');
INSERT INTO sub_area (ae,codigo,ref,descricao)values (34,default,7,'Interação entre os Organismos Marinhos e os Parâmetros Ambientais');

INSERT INTO area_especifica (ac,codigo,ref,descricao)values (8,35,9,'Oceanografia Física');
INSERT INTO sub_area (ae,codigo,ref,descricao)values (35,default,7,'Variáveis Físicas da Água do Mar');
INSERT INTO sub_area (ae,codigo,ref,descricao)values (35,default,7,'Movimento da Água do Mar');
INSERT INTO sub_area (ae,codigo,ref,descricao)values (35,default,7,'Origem das Massas de Água');
INSERT INTO sub_area (ae,codigo,ref,descricao)values (35,default,7,'Interação do Oceano com o Leito do Mar');
INSERT INTO sub_area (ae,codigo,ref,descricao)values (35,default,7,'Interação do Oceano com a Atmosfera');

INSERT INTO area_especifica (ac,codigo,ref,descricao)values (8,36,9,'Oceanografia Química');
INSERT INTO sub_area (ae,codigo,ref,descricao)values (36,default,7,'Propriedades Químicas da Água do Mar');
INSERT INTO sub_area (ae,codigo,ref,descricao)values (36,default,7,'Interações Químico-Biológicas/Geológicas das Substâncias Químicas da Água do Mar');

INSERT INTO area_especifica (ac,codigo,ref,descricao)values (8,37,9,'Oceanografia Geológica');
INSERT INTO sub_area (ae,codigo,ref,descricao)values (37,default,7,'Geomorfologia Submarina');
INSERT INTO sub_area (ae,codigo,ref,descricao)values (37,default,7,'Sedimentologia Marinha');
INSERT INTO sub_area (ae,codigo,ref,descricao)values (37,default,7,'Geofísica Marinha');



INSERT INTO grande_area values (2,'Ciências Biológicas');

INSERT INTO area_conhecimento (ga,codigo,ref,descricao)values (2,9,5,'Biologia Geral');
INSERT INTO area_especifica (ac,codigo,ref,descricao)values (9,38,9,'Biologia Geral');
INSERT INTO sub_area (ae,codigo,ref,descricao)values (38,default,7,'Biologia Geral');




INSERT INTO area_conhecimento (ga,codigo,ref,descricao)values (2,10,5,'Genética');


INSERT INTO area_especifica (ac,codigo,ref,descricao)values (10,39,9,'Genética Quantitativa');
INSERT INTO area_especifica (ac,codigo,ref,descricao)values (10,40,9,'Genética Molecular e de Microorganismos');
INSERT INTO area_especifica (ac,codigo,ref,descricao)values (10,41,9,'Genética Vegetal');
INSERT INTO area_especifica (ac,codigo,ref,descricao)values (10,42,9,'Genética Animal');
INSERT INTO area_especifica (ac,codigo,ref,descricao)values (10,43,9,'Genética Humana e Médica');
INSERT INTO area_especifica (ac,codigo,ref,descricao)values (10,44,9,'Mutagênese');

INSERT INTO sub_area (ae,codigo,ref,descricao)values (39,default,9,'Genética Quantitativa');
INSERT INTO sub_area (ae,codigo,ref,descricao)values (40,default,9,'Genética Molecular e de Microorganismos');
INSERT INTO sub_area (ae,codigo,ref,descricao)values (41,default,9,'Genética Vegetal');
INSERT INTO sub_area (ae,codigo,ref,descricao)values (42,default,9,'Genética Animal');
INSERT INTO sub_area (ae,codigo,ref,descricao)values (43,default,9,'Genética Humana e Médica');
INSERT INTO sub_area (ae,codigo,ref,descricao)values (44,default,9,'Mutagênese');




INSERT INTO area_conhecimento (ga,codigo,ref,descricao)values (2,11,5,'Botânica');

INSERT INTO area_especifica (ac,codigo,ref,descricao)values (11,45,9,'Paleobotânica');
INSERT INTO sub_area (ae,codigo,ref,descricao)values (45,default,7,'Paleobotânica');


INSERT INTO area_especifica (ac,codigo,ref,descricao)values (11,46,9,'Morfologia Vegetal');
INSERT INTO sub_area (ae,codigo,ref,descricao)values (46,default,7,'Morfologia Externa');
INSERT INTO sub_area (ae,codigo,ref,descricao)values (46,default,7,'Citologia Vegetal');
INSERT INTO sub_area (ae,codigo,ref,descricao)values (46,default,7,'Anatomia Vegetal');
INSERT INTO sub_area (ae,codigo,ref,descricao)values (46,default,7,'Palinologia');


INSERT INTO area_especifica (ac,codigo,ref,descricao)values (11,47,9,'Fisiologia Vegetal');
INSERT INTO sub_area (ae,codigo,ref,descricao)values (47,default,7,'Nutrição e Crescimento Vegetal');
INSERT INTO sub_area (ae,codigo,ref,descricao)values (47,default,7,'Reprodução Vegetal');
INSERT INTO sub_area (ae,codigo,ref,descricao)values (47,default,7,'Ecofisiologia Vegetal');



INSERT INTO area_especifica (ac,codigo,ref,descricao)values (11,48,9,'Taxonomia Vegetal');
INSERT INTO sub_area (ae,codigo,ref,descricao)values (48,default,7,'Taxonomia de Criptógamos');
INSERT INTO sub_area (ae,codigo,ref,descricao)values (48,default,7,'Taxonomia de Fanerógamos');
	 

INSERT INTO area_especifica (ac,codigo,ref,descricao)values (11,49,9,'Fitogeografia');
INSERT INTO sub_area (ae,codigo,ref,descricao)values (49,default,7,'Fitogeografia');


INSERT INTO area_especifica (ac,codigo,ref,descricao)values (11,50,9,'Botânica Aplicada');
INSERT INTO sub_area (ae,codigo,ref,descricao)values (50,default,7,'Botânica Aplicada');



INSERT INTO area_conhecimento (ga,codigo,ref,descricao)values (2,12,5,'Zoologia');

INSERT INTO area_especifica (ac,codigo,ref,descricao)values (12,51,9,'Paleozoologia');
INSERT INTO sub_area (ae,codigo,ref,descricao)values (51,default,7,'Paleozoologia');

INSERT INTO area_especifica (ac,codigo,ref,descricao)values (12,52,9,'Morfologia dos Grupos Recentes');
INSERT INTO sub_area (ae,codigo,ref,descricao)values (52,default,7,'Morfologia dos Grupos Recentes');

INSERT INTO area_especifica (ac,codigo,ref,descricao)values (12,53,9,'Fisiologia dos Grupos Recentes');
INSERT INTO sub_area (ae,codigo,ref,descricao)values (53,default,7,'Fisiologia dos Grupos Recentes');

INSERT INTO area_especifica (ac,codigo,ref,descricao)values (12,54,9,'Comportamento Animal');
INSERT INTO sub_area (ae,codigo,ref,descricao)values (54,default,7,'Comportamento Animal');

INSERT INTO area_especifica (ac,codigo,ref,descricao)values (12,55,9,'Taxonomia dos Grupos Recentes');
INSERT INTO sub_area (ae,codigo,ref,descricao)values (55,default,7,'Taxonomia dos Grupos Recentes');


INSERT INTO area_especifica (ac,codigo,ref,descricao)values (12,56,9,'Zoologia Aplicada');
INSERT INTO sub_area (ae,codigo,ref,descricao)values (56,default,7,'Conservação das Espécies Animais');
INSERT INTO sub_area (ae,codigo,ref,descricao)values (56,default,7,'Utilização dos Animais  ');
INSERT INTO sub_area (ae,codigo,ref,descricao)values (56,default,7,'Controle Populacional de Animais');

 INSERT INTO area_conhecimento (ga,codigo,ref,descricao)values (2,13,00,'Ecologia');
INSERT INTO area_especifica (ac,codigo,ref,descricao) values (13,57,00,'Ecologia Teórica ');
INSERT INTO sub_area (ae,codigo,ref,descricao) values (57,default,00,'Ecologia Teórica ');
INSERT INTO area_especifica (ac,codigo,ref,descricao) values (13,58,00,'Ecologia de Ecossistemas');
INSERT INTO sub_area (ae,codigo,ref,descricao) values (58,default,00,'Ecologia de Ecossistemas');
INSERT INTO area_especifica (ac,codigo,ref,descricao) values (13,59,00,'Ecologia Aplicada ');
INSERT INTO sub_area (ae,codigo,ref,descricao) values (59,default,00,'Ecologia Aplicada ');
 INSERT INTO area_conhecimento (ga,codigo,ref,descricao)values (2,14,00,'Morfologia');
INSERT INTO area_especifica (ac,codigo,ref,descricao) values (14,60,00,'Citologia e Biologia Celular ');
INSERT INTO sub_area (ae,codigo,ref,descricao) values (60,default,00,'Citologia e Biologia Celular ');
INSERT INTO area_especifica (ac,codigo,ref,descricao) values (14,61,00,'Embriologia');
INSERT INTO sub_area (ae,codigo,ref,descricao) values (61,default,00,'Embriologia');
INSERT INTO area_especifica (ac,codigo,ref,descricao) values (14,62,00,'Histologia');
INSERT INTO sub_area (ae,codigo,ref,descricao) values (62,default,00,'Histologia');
INSERT INTO area_especifica (ac,codigo,ref,descricao) values (14,63,00,'Anatomia');
INSERT INTO sub_area (ae,codigo,ref,descricao) values (63,default,00,'Anatomia');
INSERT INTO sub_area (ae,codigo,ref,descricao) values (63,default,00,'Anatomia Humana ');
 INSERT INTO area_conhecimento (ga,codigo,ref,descricao)values (2,15,00,'Fisiologia');
INSERT INTO area_especifica (ac,codigo,ref,descricao) values (15,64,00,'Fisiologia Geral ');
INSERT INTO sub_area (ae,codigo,ref,descricao) values (64,default,00,'Fisiologia Geral ');
INSERT INTO area_especifica (ac,codigo,ref,descricao) values (15,65,00,'Fisiologia de Órgaos e Sistemas');
INSERT INTO sub_area (ae,codigo,ref,descricao) values (65,default,00,'Fisiologia de Órgaos e Sistemas');
INSERT INTO sub_area (ae,codigo,ref,descricao) values (65,default,00,'Neurofisiologia');
INSERT INTO sub_area (ae,codigo,ref,descricao) values (65,default,00,'Fisiologia Cardiovascular ');
INSERT INTO sub_area (ae,codigo,ref,descricao) values (65,default,00,'Fisiologia da Respiração');
INSERT INTO sub_area (ae,codigo,ref,descricao) values (65,default,00,'Fisiologia Renal ');
INSERT INTO sub_area (ae,codigo,ref,descricao) values (65,default,00,'Fisiologia Endocrina ');
INSERT INTO sub_area (ae,codigo,ref,descricao) values (65,default,00,'Fisiologia da Digestão');
INSERT INTO sub_area (ae,codigo,ref,descricao) values (65,default,00,'Cinesiologia');
INSERT INTO area_especifica (ac,codigo,ref,descricao) values (15,66,00,'Fisiologia do Esforço');
INSERT INTO sub_area (ae,codigo,ref,descricao) values (66,default,00,'Fisiologia do Esforço');
INSERT INTO area_especifica (ac,codigo,ref,descricao) values (15,67,00,'Fisiologia Comparada ');
INSERT INTO sub_area (ae,codigo,ref,descricao) values (67,default,00,'Fisiologia Comparada ');
 INSERT INTO area_conhecimento (ga,codigo,ref,descricao)values (2,16,00,'Bioquímica');
INSERT INTO area_especifica (ac,codigo,ref,descricao) values (16,68,00,'Química de Macromoléculas');
INSERT INTO sub_area (ae,codigo,ref,descricao) values (68,default,00,'Química de Macromoléculas');
INSERT INTO sub_area (ae,codigo,ref,descricao) values (68,default,00,'Proteínas');
INSERT INTO sub_area (ae,codigo,ref,descricao) values (68,default,00,'Lipídeos');
INSERT INTO sub_area (ae,codigo,ref,descricao) values (68,default,00,'Glicídeos');
INSERT INTO area_especifica (ac,codigo,ref,descricao) values (16,69,00,'Bioquímica dos Microorganismos');
INSERT INTO sub_area (ae,codigo,ref,descricao) values (69,default,00,'Bioquímica dos Microorganismos');
INSERT INTO area_especifica (ac,codigo,ref,descricao) values (16,70,00,'Metabolismo e Bioenergética');
INSERT INTO sub_area (ae,codigo,ref,descricao) values (70,default,00,'Metabolismo e Bioenergética');
INSERT INTO area_especifica (ac,codigo,ref,descricao) values (16,71,00,'Biologia Molecular ');
INSERT INTO sub_area (ae,codigo,ref,descricao) values (71,default,00,'Biologia Molecular ');
INSERT INTO area_especifica (ac,codigo,ref,descricao) values (16,72,00,'Enzimologia');
INSERT INTO sub_area (ae,codigo,ref,descricao) values (72,default,00,'Enzimologia');
 INSERT INTO area_conhecimento (ga,codigo,ref,descricao)values (2,17,00,'Biofísica');
INSERT INTO area_especifica (ac,codigo,ref,descricao) values (17,73,00,'Biofísica Molecular ');
INSERT INTO sub_area (ae,codigo,ref,descricao) values (73,default,00,'Biofísica Molecular ');
INSERT INTO area_especifica (ac,codigo,ref,descricao) values (17,74,00,'Biofísica Celular ');
INSERT INTO sub_area (ae,codigo,ref,descricao) values (74,default,00,'Biofísica Celular ');
INSERT INTO area_especifica (ac,codigo,ref,descricao) values (17,75,00,'Biofísica de Processos e Sistemas');
INSERT INTO sub_area (ae,codigo,ref,descricao) values (75,default,00,'Biofísica de Processos e Sistemas');
INSERT INTO area_especifica (ac,codigo,ref,descricao) values (17,76,00,'Radiologia e Fotobiologia');
INSERT INTO sub_area (ae,codigo,ref,descricao) values (76,default,00,'Radiologia e Fotobiologia');
 INSERT INTO area_conhecimento (ga,codigo,ref,descricao)values (2,18,00,'Farmacologia');
INSERT INTO area_especifica (ac,codigo,ref,descricao) values (18,77,00,'Farmacologia Geral ');
INSERT INTO sub_area (ae,codigo,ref,descricao) values (77,default,00,'Farmacologia Geral ');
INSERT INTO sub_area (ae,codigo,ref,descricao) values (77,default,00,'Farmacocinética');
INSERT INTO sub_area (ae,codigo,ref,descricao) values (77,default,00,'Biodisponibilidade');
INSERT INTO area_especifica (ac,codigo,ref,descricao) values (18,78,00,'Farmacologia Autonômica ');
INSERT INTO sub_area (ae,codigo,ref,descricao) values (78,default,00,'Farmacologia Autonômica ');
INSERT INTO area_especifica (ac,codigo,ref,descricao) values (18,79,00,'Neuropsicofarmacologia');
INSERT INTO sub_area (ae,codigo,ref,descricao) values (79,default,00,'Neuropsicofarmacologia');
INSERT INTO area_especifica (ac,codigo,ref,descricao) values (18,80,00,'Farmacologia Cardiorenal ');
INSERT INTO sub_area (ae,codigo,ref,descricao) values (80,default,00,'Farmacologia Cardiorenal ');
INSERT INTO area_especifica (ac,codigo,ref,descricao) values (18,81,00,'Farmacologia Bioquímica e Molecular ');
INSERT INTO sub_area (ae,codigo,ref,descricao) values (81,default,00,'Farmacologia Bioquímica e Molecular ');
INSERT INTO area_especifica (ac,codigo,ref,descricao) values (18,82,00,'Etnofarmacologia');
INSERT INTO sub_area (ae,codigo,ref,descricao) values (82,default,00,'Etnofarmacologia');
INSERT INTO area_especifica (ac,codigo,ref,descricao) values (18,83,00,'Toxicologia');
INSERT INTO sub_area (ae,codigo,ref,descricao) values (83,default,00,'Toxicologia');
INSERT INTO area_especifica (ac,codigo,ref,descricao) values (18,84,00,'Farmacologia Clínica ');
INSERT INTO sub_area (ae,codigo,ref,descricao) values (84,default,00,'Farmacologia Clínica ');
 INSERT INTO area_conhecimento (ga,codigo,ref,descricao)values (2,19,00,'Imunologia');
INSERT INTO area_especifica (ac,codigo,ref,descricao) values (19,85,00,'Imunoquímica');
INSERT INTO sub_area (ae,codigo,ref,descricao) values (85,default,00,'Imunoquímica');
INSERT INTO area_especifica (ac,codigo,ref,descricao) values (19,86,00,'Imunologia Celular ');
INSERT INTO sub_area (ae,codigo,ref,descricao) values (86,default,00,'Imunologia Celular ');
INSERT INTO area_especifica (ac,codigo,ref,descricao) values (19,87,00,'Imunogenética');
INSERT INTO sub_area (ae,codigo,ref,descricao) values (87,default,00,'Imunogenética');
INSERT INTO area_especifica (ac,codigo,ref,descricao) values (19,88,00,'Imunologia Aplicada ');
INSERT INTO sub_area (ae,codigo,ref,descricao) values (88,default,00,'Imunologia Aplicada ');
 INSERT INTO area_conhecimento (ga,codigo,ref,descricao)values (2,20,00,'Microbiologia');
INSERT INTO area_especifica (ac,codigo,ref,descricao) values (20,89,00,'Biologia e Fisiologia dos Microorganismos');
INSERT INTO sub_area (ae,codigo,ref,descricao) values (89,default,00,'Biologia e Fisiologia dos Microorganismos');
INSERT INTO sub_area (ae,codigo,ref,descricao) values (89,default,00,'Virologia');
INSERT INTO sub_area (ae,codigo,ref,descricao) values (89,default,00,'Bacterologia');
INSERT INTO sub_area (ae,codigo,ref,descricao) values (89,default,00,'Micologia');
INSERT INTO area_especifica (ac,codigo,ref,descricao) values (20,90,00,'Microbiologia Aplicada ');
INSERT INTO sub_area (ae,codigo,ref,descricao) values (90,default,00,'Microbiologia Aplicada ');
INSERT INTO sub_area (ae,codigo,ref,descricao) values (90,default,00,'Microbiologia Médica ');
INSERT INTO sub_area (ae,codigo,ref,descricao) values (90,default,00,'Microbiologia Industrial e de Fermentação');
 INSERT INTO area_conhecimento (ga,codigo,ref,descricao)values (2,21,00,'Parasitologia');
INSERT INTO area_especifica (ac,codigo,ref,descricao) values (21,91,00,'Protozoologia de Parasitos');
INSERT INTO sub_area (ae,codigo,ref,descricao) values (91,default,00,'Protozoologia de Parasitos');
INSERT INTO sub_area (ae,codigo,ref,descricao) values (91,default,00,'Protozoologia Parasitária Humana');
INSERT INTO sub_area (ae,codigo,ref,descricao) values (91,default,00,'Protozoologia Parasitária Animal');
INSERT INTO area_especifica (ac,codigo,ref,descricao) values (21,92,00,'Helmintologia de Parasitos');
INSERT INTO sub_area (ae,codigo,ref,descricao) values (92,default,00,'Helmintologia de Parasitos');
INSERT INTO sub_area (ae,codigo,ref,descricao) values (92,default,00,'Helmintologia Humana ');
INSERT INTO sub_area (ae,codigo,ref,descricao) values (92,default,00,'Helmintologia Animal ');
INSERT INTO area_especifica (ac,codigo,ref,descricao) values (21,93,00,'Entomologia e Malacologia de Parasitos e Vetores');
INSERT INTO sub_area (ae,codigo,ref,descricao) values (93,default,00,'Entomologia e Malacologia de Parasitos e Vetores');
INSERT INTO grande_area values (3,'Engenharias');
 INSERT INTO area_conhecimento (ga,codigo,ref,descricao)values (3,22,00,'Engenharia Civil ');
INSERT INTO area_especifica (ac,codigo,ref,descricao) values (22,94,00,'Construção Civil ');
INSERT INTO sub_area (ae,codigo,ref,descricao) values (94,default,00,'Construção Civil ');
INSERT INTO sub_area (ae,codigo,ref,descricao) values (94,default,00,'Materiais e Componentes de Construção');
INSERT INTO sub_area (ae,codigo,ref,descricao) values (94,default,00,'Processos Construtivos ');
INSERT INTO sub_area (ae,codigo,ref,descricao) values (94,default,00,'Instalações Prediais ');
INSERT INTO area_especifica (ac,codigo,ref,descricao) values (22,95,00,'Estruturas');
INSERT INTO sub_area (ae,codigo,ref,descricao) values (95,default,00,'Estruturas');
INSERT INTO sub_area (ae,codigo,ref,descricao) values (95,default,00,'Estruturas de Concreto');
INSERT INTO sub_area (ae,codigo,ref,descricao) values (95,default,00,'Estruturas de Madeiras');
INSERT INTO sub_area (ae,codigo,ref,descricao) values (95,default,00,'Estruturas Metálicas ');
INSERT INTO sub_area (ae,codigo,ref,descricao) values (95,default,00,'Mecânica das Estruturas');
INSERT INTO area_especifica (ac,codigo,ref,descricao) values (22,96,00,'Geotécnica');
INSERT INTO sub_area (ae,codigo,ref,descricao) values (96,default,00,'Geotécnica');
INSERT INTO sub_area (ae,codigo,ref,descricao) values (96,default,00,'Fundações e Escavações');
INSERT INTO sub_area (ae,codigo,ref,descricao) values (96,default,00,'Mecânicas das Rochas');
INSERT INTO sub_area (ae,codigo,ref,descricao) values (96,default,00,'Mecânicas dos Solos');
INSERT INTO sub_area (ae,codigo,ref,descricao) values (96,default,00,'Obras de Terra e Enrocamento');
INSERT INTO sub_area (ae,codigo,ref,descricao) values (96,default,00,'Pavimentos');
INSERT INTO area_especifica (ac,codigo,ref,descricao) values (22,97,00,'Engenharia Hidráulica ');
INSERT INTO sub_area (ae,codigo,ref,descricao) values (97,default,00,'Engenharia Hidráulica ');
INSERT INTO sub_area (ae,codigo,ref,descricao) values (97,default,00,'Hidráulica');
INSERT INTO sub_area (ae,codigo,ref,descricao) values (97,default,00,'Hidrologia');
INSERT INTO area_especifica (ac,codigo,ref,descricao) values (22,98,00,'Infra-Estrutura de Transportes');
INSERT INTO sub_area (ae,codigo,ref,descricao) values (98,default,00,'Infra-Estrutura de Transportes');
INSERT INTO sub_area (ae,codigo,ref,descricao) values (98,default,00,'Aeroportos; Projeto e Construção ');
INSERT INTO sub_area (ae,codigo,ref,descricao) values (98,default,00,'Ferrovias; Projetos e Construção ');
INSERT INTO sub_area (ae,codigo,ref,descricao) values (98,default,00,'Portos e Vias Nevegáveis; Projeto e Construção');
INSERT INTO sub_area (ae,codigo,ref,descricao) values (98,default,00,'Rodovias; Projeto e Construção ');
 INSERT INTO area_conhecimento (ga,codigo,ref,descricao)values (3,23,00,'Engenharia de Minas');
INSERT INTO area_especifica (ac,codigo,ref,descricao) values (23,99,00,'Pesquisa Mineral ');
INSERT INTO sub_area (ae,codigo,ref,descricao) values (99,default,00,'Pesquisa Mineral ');
INSERT INTO sub_area (ae,codigo,ref,descricao) values (99,default,00,'Caracterização do Minério');
INSERT INTO sub_area (ae,codigo,ref,descricao) values (99,default,00,'Dimensionamento de Jazidas');
INSERT INTO area_especifica (ac,codigo,ref,descricao) values (23,100,00,'Lavra');
INSERT INTO sub_area (ae,codigo,ref,descricao) values (100,default,00,'Lavra');
INSERT INTO sub_area (ae,codigo,ref,descricao) values (100,default,00,'Lavra a Céu Aberto ');
INSERT INTO sub_area (ae,codigo,ref,descricao) values (100,default,00,'Lavra de Mina Subterrânea ');
INSERT INTO sub_area (ae,codigo,ref,descricao) values (100,default,00,'Equipamentos de Lavra');
INSERT INTO area_especifica (ac,codigo,ref,descricao) values (23,101,00,'Tratamento de Minérios');
INSERT INTO sub_area (ae,codigo,ref,descricao) values (101,default,00,'Tratamento de Minérios');
INSERT INTO sub_area (ae,codigo,ref,descricao) values (101,default,00,'Métodos de Concentração e Enriquecimento de Minérios');
INSERT INTO sub_area (ae,codigo,ref,descricao) values (101,default,00,'Equipamentos de Beneficiamento de Minérios');
 INSERT INTO area_conhecimento (ga,codigo,ref,descricao)values (3,24,00,'Engenharia de Materiais e Metalúrgica');
INSERT INTO area_especifica (ac,codigo,ref,descricao) values (24,102,00,'Instalações e Equipamentos Metalúrgicos ');
INSERT INTO sub_area (ae,codigo,ref,descricao) values (102,default,00,'Instalações e Equipamentos Metalúrgicos ');
INSERT INTO sub_area (ae,codigo,ref,descricao) values (102,default,00,'Instalações Metalúrgicas ');
INSERT INTO sub_area (ae,codigo,ref,descricao) values (102,default,00,'Equipamentos Metalúrgicos ');
INSERT INTO area_especifica (ac,codigo,ref,descricao) values (24,103,00,'Metalurgia Extrativa ');
INSERT INTO sub_area (ae,codigo,ref,descricao) values (103,default,00,'Metalurgia Extrativa ');
INSERT INTO sub_area (ae,codigo,ref,descricao) values (103,default,00,'Aglomeração');
INSERT INTO sub_area (ae,codigo,ref,descricao) values (103,default,00,'Eletrometalurgia');
INSERT INTO sub_area (ae,codigo,ref,descricao) values (103,default,00,'Hidrometalurgia');
INSERT INTO sub_area (ae,codigo,ref,descricao) values (103,default,00,'Pirometalurgia');
INSERT INTO sub_area (ae,codigo,ref,descricao) values (103,default,00,'Tratamento de Minérios');
INSERT INTO area_especifica (ac,codigo,ref,descricao) values (24,104,00,'Metalurgia de Transformação');
INSERT INTO sub_area (ae,codigo,ref,descricao) values (104,default,00,'Metalurgia de Transformação');
INSERT INTO sub_area (ae,codigo,ref,descricao) values (104,default,00,'Conformação Mecânica ');
INSERT INTO sub_area (ae,codigo,ref,descricao) values (104,default,00,'Fundição');
INSERT INTO sub_area (ae,codigo,ref,descricao) values (104,default,00,'Metalurgia de Po');
INSERT INTO sub_area (ae,codigo,ref,descricao) values (104,default,00,'Recobrimentos');
INSERT INTO sub_area (ae,codigo,ref,descricao) values (104,default,00,'Soldagem');
INSERT INTO sub_area (ae,codigo,ref,descricao) values (104,default,00,'Tratamento Térmicos, Mecânicos e Químicos');
INSERT INTO sub_area (ae,codigo,ref,descricao) values (104,default,00,'Usinagem');
INSERT INTO area_especifica (ac,codigo,ref,descricao) values (24,105,00,'Metalurgia Fisica ');
INSERT INTO sub_area (ae,codigo,ref,descricao) values (105,default,00,'Metalurgia Fisica ');
INSERT INTO sub_area (ae,codigo,ref,descricao) values (105,default,00,'Estrutura dos Metais e Ligas');
INSERT INTO sub_area (ae,codigo,ref,descricao) values (105,default,00,'Propriedades Físicas dos Metais e Ligas ');
INSERT INTO sub_area (ae,codigo,ref,descricao) values (105,default,00,'Propriedades Mecânicas dos Metais e Ligas ');
INSERT INTO sub_area (ae,codigo,ref,descricao) values (105,default,00,'Transformação de Fases');
INSERT INTO sub_area (ae,codigo,ref,descricao) values (105,default,00,'Corrosão');
INSERT INTO area_especifica (ac,codigo,ref,descricao) values (24,106,00,'Materiais não Metálicos');
INSERT INTO sub_area (ae,codigo,ref,descricao) values (106,default,00,'Materiais não Metálicos');
INSERT INTO sub_area (ae,codigo,ref,descricao) values (106,default,00,'Extração e Transformação de Materiais');
INSERT INTO sub_area (ae,codigo,ref,descricao) values (106,default,00,'Cerâmicos');
INSERT INTO sub_area (ae,codigo,ref,descricao) values (106,default,00,'Materiais Conjugados não Metálicos ');
INSERT INTO sub_area (ae,codigo,ref,descricao) values (106,default,00,'Polímeros, Aplicações ');
 INSERT INTO area_conhecimento (ga,codigo,ref,descricao)values (3,25,00,'Engenharia Elétrica ');
INSERT INTO area_especifica (ac,codigo,ref,descricao) values (25,107,00,'Materiais Elétricos ');
INSERT INTO sub_area (ae,codigo,ref,descricao) values (107,default,00,'Materiais Elétricos ');
INSERT INTO sub_area (ae,codigo,ref,descricao) values (107,default,00,'Materiais Condutores ');
INSERT INTO sub_area (ae,codigo,ref,descricao) values (107,default,00,'Materiais e Componentes Semicondutores ');
INSERT INTO sub_area (ae,codigo,ref,descricao) values (107,default,00,'Materiais e Dispositivos Supercondutores ');
INSERT INTO sub_area (ae,codigo,ref,descricao) values (107,default,00,'Materiais Dielétricos, Piesoelétricos e Ferroelétricos');
INSERT INTO sub_area (ae,codigo,ref,descricao) values (107,default,00,'Materiais e Componentes Eletroóticos e Magnetoóticos, Materiais Fotoelétricos');
INSERT INTO sub_area (ae,codigo,ref,descricao) values (107,default,00,'Materiais e Dispositivos Magnéticos ');
INSERT INTO area_especifica (ac,codigo,ref,descricao) values (25,108,00,'Medidas Elétricas, Magnéticas e Eletrônicas; Instrumentação ');
INSERT INTO sub_area (ae,codigo,ref,descricao) values (108,default,00,'Medidas Elétricas, Magnéticas e Eletrônicas; Instrumentação ');
INSERT INTO sub_area (ae,codigo,ref,descricao) values (108,default,00,'Medidas Elétricas ');
INSERT INTO sub_area (ae,codigo,ref,descricao) values (108,default,00,'Medidas Magnéticas ');
INSERT INTO sub_area (ae,codigo,ref,descricao) values (108,default,00,'Instrumentação Eletromecânica ');
INSERT INTO sub_area (ae,codigo,ref,descricao) values (108,default,00,'Instrumentação Eletrônica ');
INSERT INTO sub_area (ae,codigo,ref,descricao) values (108,default,00,'Sistemas Eletrônicos de Medida e de Controle');
INSERT INTO area_especifica (ac,codigo,ref,descricao) values (25,109,00,'Circuitos Elétricos, Magnéticos e Eletrônicos');
INSERT INTO sub_area (ae,codigo,ref,descricao) values (109,default,00,'Circuitos Elétricos, Magnéticos e Eletrônicos');
INSERT INTO sub_area (ae,codigo,ref,descricao) values (109,default,00,'Teoria Geral dos Circuitos Elétricos');
INSERT INTO sub_area (ae,codigo,ref,descricao) values (109,default,00,'Circuitos Lineares e Não-Lineares ');
INSERT INTO sub_area (ae,codigo,ref,descricao) values (109,default,00,'Circuitos Eletrônicos ');
INSERT INTO sub_area (ae,codigo,ref,descricao) values (109,default,00,'Circuitos Magnéticos, Magnetismos, Eletromagnetismo ');
INSERT INTO area_especifica (ac,codigo,ref,descricao) values (25,110,00,'Sistemas Elétricos de Potência ');
INSERT INTO sub_area (ae,codigo,ref,descricao) values (110,default,00,'Sistemas Elétricos de Potência ');
INSERT INTO sub_area (ae,codigo,ref,descricao) values (110,default,00,'Geração da Energia Elétrica ');
INSERT INTO sub_area (ae,codigo,ref,descricao) values (110,default,00,'Transmissão da Energia Elétrica, Distribuição da Energia Elétrica');
INSERT INTO sub_area (ae,codigo,ref,descricao) values (110,default,00,'Conversão e Retificação da Energia Elétrica ');
INSERT INTO sub_area (ae,codigo,ref,descricao) values (110,default,00,'Medição, Controle, Correção e Proteção de Sistemas Elétricos de Potência  ');
INSERT INTO sub_area (ae,codigo,ref,descricao) values (110,default,00,'Máquinas Elétricas e Dispositivos de Potência ');
INSERT INTO sub_area (ae,codigo,ref,descricao) values (110,default,00,'Instalações Elétricas Prediais e Industriais');
INSERT INTO area_especifica (ac,codigo,ref,descricao) values (25,111,00,'Eletrônica Industrial, Sistemas e Controles Eletrônicos ');
INSERT INTO sub_area (ae,codigo,ref,descricao) values (111,default,00,'Eletrônica Industrial, Sistemas e Controles Eletrônicos ');
INSERT INTO sub_area (ae,codigo,ref,descricao) values (111,default,00,'Eletrônica Industrial ');
INSERT INTO sub_area (ae,codigo,ref,descricao) values (111,default,00,'Automação Eletrônica de Processos Elétricos e Industriais');
INSERT INTO sub_area (ae,codigo,ref,descricao) values (111,default,00,'Controle de Processos Eletrônicos, Retroalimentação');
INSERT INTO area_especifica (ac,codigo,ref,descricao) values (25,112,00,'Telecomunicações');
INSERT INTO sub_area (ae,codigo,ref,descricao) values (112,default,00,'Telecomunicações');
INSERT INTO sub_area (ae,codigo,ref,descricao) values (112,default,00,'Teoria Eletromagnética, Microondas, Propagação de Ondas, Antenas');
INSERT INTO sub_area (ae,codigo,ref,descricao) values (112,default,00,'Radionavegação e Radioastronomia');
INSERT INTO sub_area (ae,codigo,ref,descricao) values (112,default,00,'Sistemas de Telecomunicações');
 INSERT INTO area_conhecimento (ga,codigo,ref,descricao)values (3,26,00,'Engenharia Mecânica ');
INSERT INTO area_especifica (ac,codigo,ref,descricao) values (26,113,00,'Fenômenos de Transporte');
INSERT INTO sub_area (ae,codigo,ref,descricao) values (113,default,00,'Fenômenos de Transporte');
INSERT INTO sub_area (ae,codigo,ref,descricao) values (113,default,00,'Transferência de Calor');
INSERT INTO sub_area (ae,codigo,ref,descricao) values (113,default,00,'Mecânica dos Fluidos');
INSERT INTO sub_area (ae,codigo,ref,descricao) values (113,default,00,'Dinâmica dos Gases');
INSERT INTO sub_area (ae,codigo,ref,descricao) values (113,default,00,'Principios Variacionais e Métodos Numéricos');
INSERT INTO area_especifica (ac,codigo,ref,descricao) values (26,114,00,'Engenharia Térmica ');
INSERT INTO sub_area (ae,codigo,ref,descricao) values (114,default,00,'Engenharia Térmica ');
INSERT INTO sub_area (ae,codigo,ref,descricao) values (114,default,00,'Termodinâmica');
INSERT INTO sub_area (ae,codigo,ref,descricao) values (114,default,00,'Controle Ambiental ');
INSERT INTO sub_area (ae,codigo,ref,descricao) values (114,default,00,'Aproveitamento da Energia');
INSERT INTO area_especifica (ac,codigo,ref,descricao) values (26,115,00,'Mecânica dos Sólidos');
INSERT INTO sub_area (ae,codigo,ref,descricao) values (115,default,00,'Mecânica dos Sólidos');
INSERT INTO sub_area (ae,codigo,ref,descricao) values (115,default,00,'Mecânica dos Corpos Sólidos, Elásticos e Plásticos');
INSERT INTO sub_area (ae,codigo,ref,descricao) values (115,default,00,'Dinâmica dos Corpos Rígidos, Elásticos e Plásticos');
INSERT INTO sub_area (ae,codigo,ref,descricao) values (115,default,00,'Análise de Tensões');
INSERT INTO sub_area (ae,codigo,ref,descricao) values (115,default,00,'Termoelasticidade');
INSERT INTO area_especifica (ac,codigo,ref,descricao) values (26,116,00,'Projetos de Máquinas');
INSERT INTO sub_area (ae,codigo,ref,descricao) values (116,default,00,'Projetos de Máquinas');
INSERT INTO sub_area (ae,codigo,ref,descricao) values (116,default,00,'Teoria dos Mecanismos');
INSERT INTO sub_area (ae,codigo,ref,descricao) values (116,default,00,'Estática e Dinâmica Aplicada ');
INSERT INTO sub_area (ae,codigo,ref,descricao) values (116,default,00,'Elementos de Máquinas');
INSERT INTO sub_area (ae,codigo,ref,descricao) values (116,default,00,'Fundamentos Gerais de Projetos das Máquinas ');
INSERT INTO sub_area (ae,codigo,ref,descricao) values (116,default,00,'Máquinas, Motores e Equipamentos ');
INSERT INTO sub_area (ae,codigo,ref,descricao) values (116,default,00,'Métodos de Síntese e Otimização Aplicados ao Projeto Mecânico');
INSERT INTO sub_area (ae,codigo,ref,descricao) values (116,default,00,'Controle de Sistemas Mecânicos ');
INSERT INTO sub_area (ae,codigo,ref,descricao) values (116,default,00,'Aproveitamento de Energia');
INSERT INTO area_especifica (ac,codigo,ref,descricao) values (26,117,00,'Processos de Fabricação');
INSERT INTO sub_area (ae,codigo,ref,descricao) values (117,default,00,'Processos de Fabricação');
INSERT INTO sub_area (ae,codigo,ref,descricao) values (117,default,00,'Matrizes e Ferramentas');
INSERT INTO sub_area (ae,codigo,ref,descricao) values (117,default,00,'Máquinas de Usinagem e Conformação');
INSERT INTO sub_area (ae,codigo,ref,descricao) values (117,default,00,'Controle Numérico ');
INSERT INTO sub_area (ae,codigo,ref,descricao) values (117,default,00,'Robotização');
INSERT INTO sub_area (ae,codigo,ref,descricao) values (117,default,00,'Processos de Fabricação, Seleção Econômica');
 INSERT INTO area_conhecimento (ga,codigo,ref,descricao)values (3,27,00,'Engenharia Química ');
INSERT INTO area_especifica (ac,codigo,ref,descricao) values (27,118,00,'Processos Industriais de Engenharia Química');
INSERT INTO sub_area (ae,codigo,ref,descricao) values (118,default,00,'Processos Industriais de Engenharia Química');
INSERT INTO sub_area (ae,codigo,ref,descricao) values (118,default,00,'Processos Bioquimicos ');
INSERT INTO sub_area (ae,codigo,ref,descricao) values (118,default,00,'Processos Orgânicos ');
INSERT INTO sub_area (ae,codigo,ref,descricao) values (118,default,00,'Processos Inorgânicos ');
INSERT INTO area_especifica (ac,codigo,ref,descricao) values (27,119,00,'Operações Industriais e Equipamentos para Engenharia Química');
INSERT INTO sub_area (ae,codigo,ref,descricao) values (119,default,00,'Operações Industriais e Equipamentos para Engenharia Química');
INSERT INTO sub_area (ae,codigo,ref,descricao) values (119,default,00,'Reatores Químicos ');
INSERT INTO sub_area (ae,codigo,ref,descricao) values (119,default,00,'Operações Características de Processos Bioquímicos');
INSERT INTO sub_area (ae,codigo,ref,descricao) values (119,default,00,'Operações de Separação e Mistura');
INSERT INTO area_especifica (ac,codigo,ref,descricao) values (27,120,00,'Tecnologia Química ');
INSERT INTO sub_area (ae,codigo,ref,descricao) values (120,default,00,'Tecnologia Química ');
INSERT INTO sub_area (ae,codigo,ref,descricao) values (120,default,00,'Balancos Globais de Matéria e Energia ');
INSERT INTO sub_area (ae,codigo,ref,descricao) values (120,default,00,'Água');
INSERT INTO sub_area (ae,codigo,ref,descricao) values (120,default,00,'Álcool');
INSERT INTO sub_area (ae,codigo,ref,descricao) values (120,default,00,'Alimentos');
INSERT INTO sub_area (ae,codigo,ref,descricao) values (120,default,00,'Borrachas');
INSERT INTO sub_area (ae,codigo,ref,descricao) values (120,default,00,'Carvão');
INSERT INTO sub_area (ae,codigo,ref,descricao) values (120,default,00,'Cerâmica');
INSERT INTO sub_area (ae,codigo,ref,descricao) values (120,default,00,'Cimento');
INSERT INTO sub_area (ae,codigo,ref,descricao) values (120,default,00,'Couro');
INSERT INTO sub_area (ae,codigo,ref,descricao) values (120,default,00,'Detergentes');
INSERT INTO sub_area (ae,codigo,ref,descricao) values (120,default,00,'Fertilizantes');
INSERT INTO sub_area (ae,codigo,ref,descricao) values (120,default,00,'Medicamentos');
INSERT INTO sub_area (ae,codigo,ref,descricao) values (120,default,00,'Metais não-Ferrosos ');
INSERT INTO sub_area (ae,codigo,ref,descricao) values (120,default,00,'Óleos');
INSERT INTO sub_area (ae,codigo,ref,descricao) values (120,default,00,'Papel e Celulose');
INSERT INTO sub_area (ae,codigo,ref,descricao) values (120,default,00,'Petróleo e Petroquímica');
INSERT INTO sub_area (ae,codigo,ref,descricao) values (120,default,00,'Polímeros');
INSERT INTO sub_area (ae,codigo,ref,descricao) values (120,default,00,'Produtos Naturais ');
INSERT INTO sub_area (ae,codigo,ref,descricao) values (120,default,00,'Têxteis');
INSERT INTO sub_area (ae,codigo,ref,descricao) values (120,default,00,'Tratamentos e Aproveitamento de Rejeitos');
INSERT INTO sub_area (ae,codigo,ref,descricao) values (120,default,00,'Xisto');
 INSERT INTO area_conhecimento (ga,codigo,ref,descricao)values (3,28,00,'Engenharia Sanitária ');
INSERT INTO area_especifica (ac,codigo,ref,descricao) values (28,121,00,'Recursos Hídricos ');
INSERT INTO sub_area (ae,codigo,ref,descricao) values (121,default,00,'Recursos Hídricos ');
INSERT INTO sub_area (ae,codigo,ref,descricao) values (121,default,00,'Planejamento Integrado dos Recursos Hídricos');
INSERT INTO sub_area (ae,codigo,ref,descricao) values (121,default,00,'Tecnologia e Problemas Sanitários de Irrigação ');
INSERT INTO sub_area (ae,codigo,ref,descricao) values (121,default,00,'Águas Subterrâneas e Poços Profundos');
INSERT INTO sub_area (ae,codigo,ref,descricao) values (121,default,00,'Controle de Enchentes e de Barragens ');
INSERT INTO sub_area (ae,codigo,ref,descricao) values (121,default,00,'Sedimentologia');
INSERT INTO area_especifica (ac,codigo,ref,descricao) values (28,122,00,'Tratamento de Águas de Abastecimento e Residuárias');
INSERT INTO sub_area (ae,codigo,ref,descricao) values (122,default,00,'Tratamento de Águas de Abastecimento e Residuárias');
INSERT INTO sub_area (ae,codigo,ref,descricao) values (122,default,00,'Química Sanitária ');
INSERT INTO sub_area (ae,codigo,ref,descricao) values (122,default,00,'Processos Simplificados de Tratamento de Águas ');
INSERT INTO sub_area (ae,codigo,ref,descricao) values (122,default,00,'Técnicas Convencionais de Tratamento de Águas ');
INSERT INTO sub_area (ae,codigo,ref,descricao) values (122,default,00,'Técnicas Avancadas de Tratamento de Águas ');
INSERT INTO sub_area (ae,codigo,ref,descricao) values (122,default,00,'Estudos e Caracterização de Efluentes Industriais ');
INSERT INTO sub_area (ae,codigo,ref,descricao) values (122,default,00,'Lay Out de Processos Industriais');
INSERT INTO sub_area (ae,codigo,ref,descricao) values (122,default,00,'Resíduos Radioativos ');
INSERT INTO area_especifica (ac,codigo,ref,descricao) values (28,123,00,'Saneamento Básico ');
INSERT INTO sub_area (ae,codigo,ref,descricao) values (123,default,00,'Saneamento Básico ');
INSERT INTO sub_area (ae,codigo,ref,descricao) values (123,default,00,'Técnicas de Abastecimento da Água');
INSERT INTO sub_area (ae,codigo,ref,descricao) values (123,default,00,'Drenagem de Águas Residuárias ');
INSERT INTO sub_area (ae,codigo,ref,descricao) values (123,default,00,'Drenagem Urbana de Águas Pluviais');
INSERT INTO sub_area (ae,codigo,ref,descricao) values (123,default,00,'Resíduos Sólidos, Domésticos e Industriais');
INSERT INTO sub_area (ae,codigo,ref,descricao) values (123,default,00,'Limpeza Pública ');
INSERT INTO sub_area (ae,codigo,ref,descricao) values (123,default,00,'Instalações Hidráulico-Sanitárias ');
INSERT INTO area_especifica (ac,codigo,ref,descricao) values (28,124,00,'Saneamento Ambiental ');
INSERT INTO sub_area (ae,codigo,ref,descricao) values (124,default,00,'Saneamento Ambiental ');
INSERT INTO sub_area (ae,codigo,ref,descricao) values (124,default,00,'Ecologia Aplicada à Engenharia Sanitária');
INSERT INTO sub_area (ae,codigo,ref,descricao) values (124,default,00,'Microbiologia Aplicada e Engenharia Sanitária');
INSERT INTO sub_area (ae,codigo,ref,descricao) values (124,default,00,'Parasitologia Aplicada à Engenharia Sanitária');
INSERT INTO sub_area (ae,codigo,ref,descricao) values (124,default,00,'Qualidade do Ar, das Águas e do Solo');
INSERT INTO sub_area (ae,codigo,ref,descricao) values (124,default,00,'Controle da Poluição');
INSERT INTO sub_area (ae,codigo,ref,descricao) values (124,default,00,'Legislação Ambiental ');
 INSERT INTO area_conhecimento (ga,codigo,ref,descricao)values (3,29,00,'Engenharia de Produção');
INSERT INTO area_especifica (ac,codigo,ref,descricao) values (29,125,00,'Gerência de Produção');
INSERT INTO sub_area (ae,codigo,ref,descricao) values (125,default,00,'Gerência de Produção');
INSERT INTO sub_area (ae,codigo,ref,descricao) values (125,default,00,'Planejamento de Instalações Industriais ');
INSERT INTO sub_area (ae,codigo,ref,descricao) values (125,default,00,'Planejamento, Projeto e Controle de Sistemas de Produção');
INSERT INTO sub_area (ae,codigo,ref,descricao) values (125,default,00,'Higiene e Segurança do Trabalho');
INSERT INTO sub_area (ae,codigo,ref,descricao) values (125,default,00,'Suprimentos');
INSERT INTO sub_area (ae,codigo,ref,descricao) values (125,default,00,'Garantia de Controle de Qualidade');
INSERT INTO area_especifica (ac,codigo,ref,descricao) values (29,126,00,'Pesquisa Operacional ');
INSERT INTO sub_area (ae,codigo,ref,descricao) values (126,default,00,'Pesquisa Operacional ');
INSERT INTO sub_area (ae,codigo,ref,descricao) values (126,default,00,'Processos Estocásticos e Teorias da Filas ');
INSERT INTO sub_area (ae,codigo,ref,descricao) values (126,default,00,'Programação Linear, Não-Linear, Mista e Dinâmica ');
INSERT INTO sub_area (ae,codigo,ref,descricao) values (126,default,00,'Séries Temporais ');
INSERT INTO sub_area (ae,codigo,ref,descricao) values (126,default,00,'Teoria dos Grafos');
INSERT INTO sub_area (ae,codigo,ref,descricao) values (126,default,00,'Teoria dos Jogos');
INSERT INTO area_especifica (ac,codigo,ref,descricao) values (29,127,00,'Engenharia do Produto');
INSERT INTO sub_area (ae,codigo,ref,descricao) values (127,default,00,'Engenharia do Produto');
INSERT INTO sub_area (ae,codigo,ref,descricao) values (127,default,00,'Ergonomia');
INSERT INTO sub_area (ae,codigo,ref,descricao) values (127,default,00,'Metodologia de Projeto do Produto');
INSERT INTO sub_area (ae,codigo,ref,descricao) values (127,default,00,'Processos de Trabalho');
INSERT INTO sub_area (ae,codigo,ref,descricao) values (127,default,00,'Gerência do Projeto e do Produto ');
INSERT INTO sub_area (ae,codigo,ref,descricao) values (127,default,00,'Desenvolvimento de Produto');
INSERT INTO area_especifica (ac,codigo,ref,descricao) values (29,128,00,'Engenharia Econômica ');
INSERT INTO sub_area (ae,codigo,ref,descricao) values (128,default,00,'Engenharia Econômica ');
INSERT INTO sub_area (ae,codigo,ref,descricao) values (128,default,00,'Estudo de Mercado');
INSERT INTO sub_area (ae,codigo,ref,descricao) values (128,default,00,'Localização Industrial ');
INSERT INTO sub_area (ae,codigo,ref,descricao) values (128,default,00,'Análise de Custos');
INSERT INTO sub_area (ae,codigo,ref,descricao) values (128,default,00,'Economia de Tecnologia');
INSERT INTO sub_area (ae,codigo,ref,descricao) values (128,default,00,'Vida Econômica dos Equipamentos ');
INSERT INTO sub_area (ae,codigo,ref,descricao) values (128,default,00,'Avaliação de Projetos');
 INSERT INTO area_conhecimento (ga,codigo,ref,descricao)values (3,30,00,'Engenharia Nuclear ');
INSERT INTO area_especifica (ac,codigo,ref,descricao) values (30,129,00,'Aplicações de Radioisotopos');
INSERT INTO sub_area (ae,codigo,ref,descricao) values (129,default,00,'Aplicações de Radioisotopos');
INSERT INTO sub_area (ae,codigo,ref,descricao) values (129,default,00,'Produção de Radioisotopos');
INSERT INTO sub_area (ae,codigo,ref,descricao) values (129,default,00,'Aplicações Industriais de Radioisotopos ');
INSERT INTO sub_area (ae,codigo,ref,descricao) values (129,default,00,'Instrumentação para Medida e Controle de Radiação');
INSERT INTO area_especifica (ac,codigo,ref,descricao) values (30,130,00,'Fusão Controlada ');
INSERT INTO sub_area (ae,codigo,ref,descricao) values (130,default,00,'Fusão Controlada ');
INSERT INTO sub_area (ae,codigo,ref,descricao) values (130,default,00,'Processos Industriais da Fusão Controlada');
INSERT INTO sub_area (ae,codigo,ref,descricao) values (130,default,00,'Problemas Tecnológicos da Fusão Controlada');
INSERT INTO area_especifica (ac,codigo,ref,descricao) values (30,131,00,'Combustível Nuclear ');
INSERT INTO sub_area (ae,codigo,ref,descricao) values (131,default,00,'Combustível Nuclear ');
INSERT INTO sub_area (ae,codigo,ref,descricao) values (131,default,00,'Extração de Combustível Nuclear ');
INSERT INTO sub_area (ae,codigo,ref,descricao) values (131,default,00,'Conversão, Enriquecimento e Fabricação de Combustível Nuclear');
INSERT INTO sub_area (ae,codigo,ref,descricao) values (131,default,00,'Reprocessamento de Combustível Nuclear ');
INSERT INTO sub_area (ae,codigo,ref,descricao) values (131,default,00,'Rejeitos de Combustível Nuclear ');
INSERT INTO area_especifica (ac,codigo,ref,descricao) values (30,132,00,'Tecnologia dos Reatores');
INSERT INTO sub_area (ae,codigo,ref,descricao) values (132,default,00,'Tecnologia dos Reatores');
INSERT INTO sub_area (ae,codigo,ref,descricao) values (132,default,00,'Núcleo do Reator');
INSERT INTO sub_area (ae,codigo,ref,descricao) values (132,default,00,'Materiais Nucleares e Blindagem de Reatores ');
INSERT INTO sub_area (ae,codigo,ref,descricao) values (132,default,00,'Transferência de Calor em Reatores');
INSERT INTO sub_area (ae,codigo,ref,descricao) values (132,default,00,'Geração e Integração Com Sistemas Elétricos em Reatores');
INSERT INTO sub_area (ae,codigo,ref,descricao) values (132,default,00,'Instrumentação Para Operação e Controle de Reatores');
INSERT INTO sub_area (ae,codigo,ref,descricao) values (132,default,00,'Seguranca, Localização e Licênciamento de Reatores ');
INSERT INTO sub_area (ae,codigo,ref,descricao) values (132,default,00,'Aspectos Econômicos de Reatores ');
 INSERT INTO area_conhecimento (ga,codigo,ref,descricao)values (3,31,00,'Engenharia de Transportes');
INSERT INTO area_especifica (ac,codigo,ref,descricao) values (31,133,00,'Planejamento de Transportes');
INSERT INTO sub_area (ae,codigo,ref,descricao) values (133,default,00,'Planejamento de Transportes');
INSERT INTO sub_area (ae,codigo,ref,descricao) values (133,default,00,'Planejamento e Organização do Sistema de Transporte');
INSERT INTO sub_area (ae,codigo,ref,descricao) values (133,default,00,'Economia dos Transportes');
INSERT INTO area_especifica (ac,codigo,ref,descricao) values (31,134,00,'Veículos e Equipamentos de Controle');
INSERT INTO sub_area (ae,codigo,ref,descricao) values (134,default,00,'Veículos e Equipamentos de Controle');
INSERT INTO sub_area (ae,codigo,ref,descricao) values (134,default,00,'Vias de Transporte');
INSERT INTO sub_area (ae,codigo,ref,descricao) values (134,default,00,'Veículos de Transportes');
INSERT INTO sub_area (ae,codigo,ref,descricao) values (134,default,00,'Estação de Transporte');
INSERT INTO sub_area (ae,codigo,ref,descricao) values (134,default,00,'Equipamentos Auxiliares e Controles ');
INSERT INTO area_especifica (ac,codigo,ref,descricao) values (31,135,00,'Operações de Transportes');
INSERT INTO sub_area (ae,codigo,ref,descricao) values (135,default,00,'Operações de Transportes');
INSERT INTO sub_area (ae,codigo,ref,descricao) values (135,default,00,'Engenharia de Tráfego');
INSERT INTO sub_area (ae,codigo,ref,descricao) values (135,default,00,'Capacidade de Vias de Transporte');
INSERT INTO sub_area (ae,codigo,ref,descricao) values (135,default,00,'Operação de Sistemas de Transporte');
 INSERT INTO area_conhecimento (ga,codigo,ref,descricao)values (3,32,00,'Engenharia Naval e Oceânica ');
INSERT INTO area_especifica (ac,codigo,ref,descricao) values (32,136,00,'Hidrodinâmica de Navios e Sistemas Oceânicos ');
INSERT INTO sub_area (ae,codigo,ref,descricao) values (136,default,00,'Hidrodinâmica de Navios e Sistemas Oceânicos ');
INSERT INTO sub_area (ae,codigo,ref,descricao) values (136,default,00,'Resistência Hidrodinâmica ');
INSERT INTO sub_area (ae,codigo,ref,descricao) values (136,default,00,'Propulsão de Navios');
INSERT INTO area_especifica (ac,codigo,ref,descricao) values (32,137,00,'Estruturas Navais e Oceânicas ');
INSERT INTO sub_area (ae,codigo,ref,descricao) values (137,default,00,'Estruturas Navais e Oceânicas ');
INSERT INTO sub_area (ae,codigo,ref,descricao) values (137,default,00,'Análise Teórica e Experimental de Estrutura ');
INSERT INTO sub_area (ae,codigo,ref,descricao) values (137,default,00,'Dinâmica Estrutural Naval e Oceânica');
INSERT INTO sub_area (ae,codigo,ref,descricao) values (137,default,00,'Síntese Estrutural Naval e Oceânica');
INSERT INTO area_especifica (ac,codigo,ref,descricao) values (32,138,00,'Máquinas Marítimas ');
INSERT INTO sub_area (ae,codigo,ref,descricao) values (138,default,00,'Máquinas Marítimas ');
INSERT INTO sub_area (ae,codigo,ref,descricao) values (138,default,00,'Análise de Sistemas Propulsores ');
INSERT INTO sub_area (ae,codigo,ref,descricao) values (138,default,00,'Controle e Automação de Sistemas Propulsores ');
INSERT INTO sub_area (ae,codigo,ref,descricao) values (138,default,00,'Equipamentos Auxiliares do Sistema Propulsivo');
INSERT INTO sub_area (ae,codigo,ref,descricao) values (138,default,00,'Motor de Propulsão');
INSERT INTO area_especifica (ac,codigo,ref,descricao) values (32,139,00,'Projeto de Navios e de Sistemas Oceânicos');
INSERT INTO sub_area (ae,codigo,ref,descricao) values (139,default,00,'Projeto de Navios e de Sistemas Oceânicos');
INSERT INTO sub_area (ae,codigo,ref,descricao) values (139,default,00,'Projetos de Navios');
INSERT INTO sub_area (ae,codigo,ref,descricao) values (139,default,00,'Projetos de Sistemas Oceânicos Fixos e Semi-Fixos');
INSERT INTO sub_area (ae,codigo,ref,descricao) values (139,default,00,'Projetos de Embarcações Não-Convencionais ');
INSERT INTO area_especifica (ac,codigo,ref,descricao) values (32,140,00,'Tecnologia de Construção Naval e de Sistemas Oceânicas');
INSERT INTO sub_area (ae,codigo,ref,descricao) values (140,default,00,'Tecnologia de Construção Naval e de Sistemas Oceânicas');
INSERT INTO sub_area (ae,codigo,ref,descricao) values (140,default,00,'Métodos de Fabricação de Navios e Sistemas Oceânicos');
INSERT INTO sub_area (ae,codigo,ref,descricao) values (140,default,00,'Soldagem de Estruturas Navais e Oceânicos ');
INSERT INTO sub_area (ae,codigo,ref,descricao) values (140,default,00,'Custos de Construção Naval ');
INSERT INTO sub_area (ae,codigo,ref,descricao) values (140,default,00,'Normatização e Certificação de Qualidade de Navios');
 INSERT INTO area_conhecimento (ga,codigo,ref,descricao)values (3,33,00,'Engenharia Aeroespacial ');
INSERT INTO area_especifica (ac,codigo,ref,descricao) values (33,141,00,'Aerodinâmica');
INSERT INTO sub_area (ae,codigo,ref,descricao) values (141,default,00,'Aerodinâmica');
INSERT INTO sub_area (ae,codigo,ref,descricao) values (141,default,00,'Aerodinâmica de Aeronaves Espaciais ');
INSERT INTO sub_area (ae,codigo,ref,descricao) values (141,default,00,'Aerodinâmica dos Processos Geofísicos e Interplanetarios ');
INSERT INTO area_especifica (ac,codigo,ref,descricao) values (33,142,00,'Dinâmica de Vôo');
INSERT INTO sub_area (ae,codigo,ref,descricao) values (142,default,00,'Dinâmica de Vôo');
INSERT INTO sub_area (ae,codigo,ref,descricao) values (142,default,00,'Trajetorias e Orbitas');
INSERT INTO sub_area (ae,codigo,ref,descricao) values (142,default,00,'Estabilidade e Controle');
INSERT INTO area_especifica (ac,codigo,ref,descricao) values (33,143,00,'Estruturas Aeroespaciais ');
INSERT INTO sub_area (ae,codigo,ref,descricao) values (143,default,00,'Estruturas Aeroespaciais ');
INSERT INTO sub_area (ae,codigo,ref,descricao) values (143,default,00,'Aeroelasticidade');
INSERT INTO sub_area (ae,codigo,ref,descricao) values (143,default,00,'Fadiga');
INSERT INTO sub_area (ae,codigo,ref,descricao) values (143,default,00,'Projeto de Estruturas Aeroespaciais ');
INSERT INTO area_especifica (ac,codigo,ref,descricao) values (33,144,00,'Materiais e Processos para Engenharia Aeronáutica e Aeroespacial');
INSERT INTO sub_area (ae,codigo,ref,descricao) values (144,default,00,'Materiais e Processos para Engenharia Aeronáutica e Aeroespacial');
INSERT INTO area_especifica (ac,codigo,ref,descricao) values (33,145,00,'Propulsão Aeroespacial ');
INSERT INTO sub_area (ae,codigo,ref,descricao) values (145,default,00,'Propulsão Aeroespacial ');
INSERT INTO sub_area (ae,codigo,ref,descricao) values (145,default,00,'Combustão e Escoamento com Reações Químicas ');
INSERT INTO sub_area (ae,codigo,ref,descricao) values (145,default,00,'Propulsão de Foguetes');
INSERT INTO sub_area (ae,codigo,ref,descricao) values (145,default,00,'Máquinas de Fluxo');
INSERT INTO sub_area (ae,codigo,ref,descricao) values (145,default,00,'Motores Alternativos ');
INSERT INTO area_especifica (ac,codigo,ref,descricao) values (33,146,00,'Sistemas Aeroespaciais ');
INSERT INTO sub_area (ae,codigo,ref,descricao) values (146,default,00,'Sistemas Aeroespaciais ');
INSERT INTO sub_area (ae,codigo,ref,descricao) values (146,default,00,'Aviões');
INSERT INTO sub_area (ae,codigo,ref,descricao) values (146,default,00,'Foguetes');
INSERT INTO sub_area (ae,codigo,ref,descricao) values (146,default,00,'Helicópteros');
INSERT INTO sub_area (ae,codigo,ref,descricao) values (146,default,00,'Hovercraft');
INSERT INTO sub_area (ae,codigo,ref,descricao) values (146,default,00,'Satélites e Outros Dispositivos Aeroespaciais');
INSERT INTO sub_area (ae,codigo,ref,descricao) values (146,default,00,'Normatização e Certificação de Qualidade de Aeronaves e Componentes');
INSERT INTO sub_area (ae,codigo,ref,descricao) values (146,default,00,'Manutenção de Sistemas Aeroespaciais ');
 INSERT INTO area_conhecimento (ga,codigo,ref,descricao)values (3,34,00,'Engenharia Biomédica ');
INSERT INTO area_especifica (ac,codigo,ref,descricao) values (34,147,00,'Bioengenharia');
INSERT INTO sub_area (ae,codigo,ref,descricao) values (147,default,00,'Bioengenharia');
INSERT INTO sub_area (ae,codigo,ref,descricao) values (147,default,00,'Processamento de Sinais Biológicos ');
INSERT INTO sub_area (ae,codigo,ref,descricao) values (147,default,00,'Modelagem de Fenomenos Biológicos ');
INSERT INTO sub_area (ae,codigo,ref,descricao) values (147,default,00,'Modelagem de Sistemas Biológicos ');
INSERT INTO area_especifica (ac,codigo,ref,descricao) values (34,148,00,'Engenharia Médica ');
INSERT INTO sub_area (ae,codigo,ref,descricao) values (148,default,00,'Engenharia Médica ');
INSERT INTO sub_area (ae,codigo,ref,descricao) values (148,default,00,'Biomateriais e Materiais Biocompatíveis ');
INSERT INTO sub_area (ae,codigo,ref,descricao) values (148,default,00,'Transdutores para Aplicações Biomédicas ');
INSERT INTO sub_area (ae,codigo,ref,descricao) values (148,default,00,'Instrumentação Odontológica e Médico-Hospitalar ');
INSERT INTO sub_area (ae,codigo,ref,descricao) values (148,default,00,'Tecnologia de Próteses');
INSERT INTO grande_area values (4,'Ciências da Saúde');
 INSERT INTO area_conhecimento (ga,codigo,ref,descricao)values (4,35,00,'Medicina');
INSERT INTO area_especifica (ac,codigo,ref,descricao) values (35,149,00,'Clínica Médica ');
INSERT INTO sub_area (ae,codigo,ref,descricao) values (149,default,00,'Clínica Médica ');
INSERT INTO sub_area (ae,codigo,ref,descricao) values (149,default,00,'Angiologia');
INSERT INTO sub_area (ae,codigo,ref,descricao) values (149,default,00,'Dermatologia');
INSERT INTO sub_area (ae,codigo,ref,descricao) values (149,default,00,'Alergologia e Imunologia Clínica ');
INSERT INTO sub_area (ae,codigo,ref,descricao) values (149,default,00,'Cancerologia');
INSERT INTO sub_area (ae,codigo,ref,descricao) values (149,default,00,'Hematologia');
INSERT INTO sub_area (ae,codigo,ref,descricao) values (149,default,00,'Endocrinologia');
INSERT INTO sub_area (ae,codigo,ref,descricao) values (149,default,00,'Neurologia');
INSERT INTO sub_area (ae,codigo,ref,descricao) values (149,default,00,'Pediatria');
INSERT INTO sub_area (ae,codigo,ref,descricao) values (149,default,00,'Doenças Infecciosas e Parasitárias ');
INSERT INTO sub_area (ae,codigo,ref,descricao) values (149,default,00,'Cardiologia');
INSERT INTO sub_area (ae,codigo,ref,descricao) values (149,default,00,'Gastroenterologia');
INSERT INTO sub_area (ae,codigo,ref,descricao) values (149,default,00,'Pneumologia');
INSERT INTO sub_area (ae,codigo,ref,descricao) values (149,default,00,'Nefrologia');
INSERT INTO sub_area (ae,codigo,ref,descricao) values (149,default,00,'Reumatologia');
INSERT INTO sub_area (ae,codigo,ref,descricao) values (149,default,00,'Ginecologia e Obstetrícia');
INSERT INTO sub_area (ae,codigo,ref,descricao) values (149,default,00,'Fisiatria');
INSERT INTO sub_area (ae,codigo,ref,descricao) values (149,default,00,'Oftalmologia');
INSERT INTO sub_area (ae,codigo,ref,descricao) values (149,default,00,'Ortopedia');
INSERT INTO area_especifica (ac,codigo,ref,descricao) values (35,150,00,'Cirurgia');
INSERT INTO sub_area (ae,codigo,ref,descricao) values (150,default,00,'Cirurgia');
INSERT INTO sub_area (ae,codigo,ref,descricao) values (150,default,00,'Cirurgia Plástica e Restauradora ');
INSERT INTO sub_area (ae,codigo,ref,descricao) values (150,default,00,'Cirurgia Otorrinolaringológica ');
INSERT INTO sub_area (ae,codigo,ref,descricao) values (150,default,00,'Cirurgia Oftalmológica ');
INSERT INTO sub_area (ae,codigo,ref,descricao) values (150,default,00,'Cirurgia Cardiovascular ');
INSERT INTO sub_area (ae,codigo,ref,descricao) values (150,default,00,'Cirurgia Toráxica ');
INSERT INTO sub_area (ae,codigo,ref,descricao) values (150,default,00,'Cirurgia Gastroenterologia ');
INSERT INTO sub_area (ae,codigo,ref,descricao) values (150,default,00,'Cirurgia Pediátrica ');
INSERT INTO sub_area (ae,codigo,ref,descricao) values (150,default,00,'Neurocirurgia');
INSERT INTO sub_area (ae,codigo,ref,descricao) values (150,default,00,'Cirurgia Urológica ');
INSERT INTO sub_area (ae,codigo,ref,descricao) values (150,default,00,'Cirurgia Proctológica ');
INSERT INTO sub_area (ae,codigo,ref,descricao) values (150,default,00,'Cirurgia Ortopédica ');
INSERT INTO sub_area (ae,codigo,ref,descricao) values (150,default,00,'Cirurgia Traumatológica ');
INSERT INTO sub_area (ae,codigo,ref,descricao) values (150,default,00,'Anestesiologia');
INSERT INTO sub_area (ae,codigo,ref,descricao) values (150,default,00,'Cirurgia Experimental ');
INSERT INTO area_especifica (ac,codigo,ref,descricao) values (35,151,00,'Saúde Materno-Infantil ');
INSERT INTO sub_area (ae,codigo,ref,descricao) values (151,default,00,'Saúde Materno-Infantil ');
INSERT INTO area_especifica (ac,codigo,ref,descricao) values (35,152,00,'Psiquiatria');
INSERT INTO sub_area (ae,codigo,ref,descricao) values (152,default,00,'Psiquiatria');
INSERT INTO area_especifica (ac,codigo,ref,descricao) values (35,153,00,'Anatomia Patológica e Patologia Clínica');
INSERT INTO sub_area (ae,codigo,ref,descricao) values (153,default,00,'Anatomia Patológica e Patologia Clínica');
INSERT INTO area_especifica (ac,codigo,ref,descricao) values (35,154,00,'Radiologia Médica ');
INSERT INTO sub_area (ae,codigo,ref,descricao) values (154,default,00,'Radiologia Médica ');
INSERT INTO area_especifica (ac,codigo,ref,descricao) values (35,155,00,'Medicina Legal e Deontologia ');
INSERT INTO sub_area (ae,codigo,ref,descricao) values (155,default,00,'Medicina Legal e Deontologia ');
 INSERT INTO area_conhecimento (ga,codigo,ref,descricao)values (4,36,00,'Odontologia');
INSERT INTO area_especifica (ac,codigo,ref,descricao) values (36,156,00,'Clínica Odontológica ');
INSERT INTO sub_area (ae,codigo,ref,descricao) values (156,default,00,'Clínica Odontológica ');
INSERT INTO area_especifica (ac,codigo,ref,descricao) values (36,157,00,'Cirurgia Buco-Maxilo-Facial ');
INSERT INTO sub_area (ae,codigo,ref,descricao) values (157,default,00,'Cirurgia Buco-Maxilo-Facial ');
INSERT INTO area_especifica (ac,codigo,ref,descricao) values (36,158,00,'Ortodontia');
INSERT INTO sub_area (ae,codigo,ref,descricao) values (158,default,00,'Ortodontia');
INSERT INTO area_especifica (ac,codigo,ref,descricao) values (36,159,00,'Odontopediatria');
INSERT INTO sub_area (ae,codigo,ref,descricao) values (159,default,00,'Odontopediatria');
INSERT INTO area_especifica (ac,codigo,ref,descricao) values (36,160,00,'Periodontia');
INSERT INTO sub_area (ae,codigo,ref,descricao) values (160,default,00,'Periodontia');
INSERT INTO area_especifica (ac,codigo,ref,descricao) values (36,161,00,'Endodontia');
INSERT INTO sub_area (ae,codigo,ref,descricao) values (161,default,00,'Endodontia');
INSERT INTO area_especifica (ac,codigo,ref,descricao) values (36,162,00,'Radiologia Odontológica ');
INSERT INTO sub_area (ae,codigo,ref,descricao) values (162,default,00,'Radiologia Odontológica ');
INSERT INTO area_especifica (ac,codigo,ref,descricao) values (36,163,00,'Odontologia Social e Preventiva ');
INSERT INTO sub_area (ae,codigo,ref,descricao) values (163,default,00,'Odontologia Social e Preventiva ');
INSERT INTO area_especifica (ac,codigo,ref,descricao) values (36,164,00,'Materiais Odontológicos ');
INSERT INTO sub_area (ae,codigo,ref,descricao) values (164,default,00,'Materiais Odontológicos ');
 INSERT INTO area_conhecimento (ga,codigo,ref,descricao)values (4,37,00,'Farmácia');
INSERT INTO area_especifica (ac,codigo,ref,descricao) values (37,165,00,'Farmacotecnia');
INSERT INTO sub_area (ae,codigo,ref,descricao) values (165,default,00,'Farmacotecnia');
INSERT INTO area_especifica (ac,codigo,ref,descricao) values (37,166,00,'Farmacognosia');
INSERT INTO sub_area (ae,codigo,ref,descricao) values (166,default,00,'Farmacognosia');
INSERT INTO area_especifica (ac,codigo,ref,descricao) values (37,167,00,'Análise Toxicológica ');
INSERT INTO sub_area (ae,codigo,ref,descricao) values (167,default,00,'Análise Toxicológica ');
INSERT INTO area_especifica (ac,codigo,ref,descricao) values (37,168,00,'Análise e Controle e Medicamentos');
INSERT INTO sub_area (ae,codigo,ref,descricao) values (168,default,00,'Análise e Controle e Medicamentos');
INSERT INTO area_especifica (ac,codigo,ref,descricao) values (37,169,00,'Bromatologia');
INSERT INTO sub_area (ae,codigo,ref,descricao) values (169,default,00,'Bromatologia');
 INSERT INTO area_conhecimento (ga,codigo,ref,descricao)values (4,38,00,'Enfermagem');
INSERT INTO area_especifica (ac,codigo,ref,descricao) values (38,170,00,'Enfermagem Médico-Cirúrgica ');
INSERT INTO sub_area (ae,codigo,ref,descricao) values (170,default,00,'Enfermagem Médico-Cirúrgica ');
INSERT INTO area_especifica (ac,codigo,ref,descricao) values (38,171,00,'Enfermagem Obstétrica ');
INSERT INTO sub_area (ae,codigo,ref,descricao) values (171,default,00,'Enfermagem Obstétrica ');
INSERT INTO area_especifica (ac,codigo,ref,descricao) values (38,172,00,'Enfermagem Pediátrica ');
INSERT INTO sub_area (ae,codigo,ref,descricao) values (172,default,00,'Enfermagem Pediátrica ');
INSERT INTO area_especifica (ac,codigo,ref,descricao) values (38,173,00,'Enfermagem Psiquiátrica ');
INSERT INTO sub_area (ae,codigo,ref,descricao) values (173,default,00,'Enfermagem Psiquiátrica ');
INSERT INTO area_especifica (ac,codigo,ref,descricao) values (38,174,00,'Enfermagem de Doenças Contagiosas ');
INSERT INTO sub_area (ae,codigo,ref,descricao) values (174,default,00,'Enfermagem de Doenças Contagiosas ');
INSERT INTO area_especifica (ac,codigo,ref,descricao) values (38,175,00,'Enfermagem de Saúde Pública ');
INSERT INTO sub_area (ae,codigo,ref,descricao) values (175,default,00,'Enfermagem de Saúde Pública ');
 INSERT INTO area_conhecimento (ga,codigo,ref,descricao)values (4,39,00,'Nutrição');
INSERT INTO area_especifica (ac,codigo,ref,descricao) values (39,176,00,'Bioquímica da Nutrição');
INSERT INTO sub_area (ae,codigo,ref,descricao) values (176,default,00,'Bioquímica da Nutrição');
INSERT INTO area_especifica (ac,codigo,ref,descricao) values (39,177,00,'Dietética');
INSERT INTO sub_area (ae,codigo,ref,descricao) values (177,default,00,'Dietética');
INSERT INTO area_especifica (ac,codigo,ref,descricao) values (39,178,00,'Análise Nutricional de População ');
INSERT INTO sub_area (ae,codigo,ref,descricao) values (178,default,00,'Análise Nutricional de População ');
INSERT INTO area_especifica (ac,codigo,ref,descricao) values (39,179,00,'Desnutrição e Desenvolvimento Fisiológico ');
INSERT INTO sub_area (ae,codigo,ref,descricao) values (179,default,00,'Desnutrição e Desenvolvimento Fisiológico ');
 INSERT INTO area_conhecimento (ga,codigo,ref,descricao)values (4,40,00,'Saúde Coletiva ');
INSERT INTO area_especifica (ac,codigo,ref,descricao) values (40,180,00,'Epidemiologia');
INSERT INTO sub_area (ae,codigo,ref,descricao) values (180,default,00,'Epidemiologia');
INSERT INTO area_especifica (ac,codigo,ref,descricao) values (40,181,00,'Saúde Publica ');
INSERT INTO sub_area (ae,codigo,ref,descricao) values (181,default,00,'Saúde Publica ');
INSERT INTO area_especifica (ac,codigo,ref,descricao) values (40,182,00,'Medicina Preventiva ');
INSERT INTO sub_area (ae,codigo,ref,descricao) values (182,default,00,'Medicina Preventiva ');
 INSERT INTO area_conhecimento (ga,codigo,ref,descricao)values (4,41,00,'Fonoaudiologia');
 INSERT INTO area_conhecimento (ga,codigo,ref,descricao)values (4,42,00,'Fisioterapia e Terapia Ocupacional ');
 INSERT INTO area_conhecimento (ga,codigo,ref,descricao)values (4,43,00,'Educação Física ');
INSERT INTO grande_area values (5,'Ciências Agrárias ');
 INSERT INTO area_conhecimento (ga,codigo,ref,descricao)values (5,44,00,'Agronomia');
INSERT INTO area_especifica (ac,codigo,ref,descricao) values (44,183,00,'Ciência do Solo');
INSERT INTO sub_area (ae,codigo,ref,descricao) values (183,default,00,'Ciência do Solo');
INSERT INTO sub_area (ae,codigo,ref,descricao) values (183,default,00,'Genese, Morfologia e Classificação dos Solos ');
INSERT INTO sub_area (ae,codigo,ref,descricao) values (183,default,00,'Física do Solo');
INSERT INTO sub_area (ae,codigo,ref,descricao) values (183,default,00,'Química do Solo');
INSERT INTO sub_area (ae,codigo,ref,descricao) values (183,default,00,'Microbiologia e Bioquímica do Solo');
INSERT INTO sub_area (ae,codigo,ref,descricao) values (183,default,00,'Fertilidade do Solo e Adubação');
INSERT INTO sub_area (ae,codigo,ref,descricao) values (183,default,00,'Manejo e Conservação do Solo');
INSERT INTO area_especifica (ac,codigo,ref,descricao) values (44,184,00,'Fitossanidade');
INSERT INTO sub_area (ae,codigo,ref,descricao) values (184,default,00,'Fitossanidade');
INSERT INTO sub_area (ae,codigo,ref,descricao) values (184,default,00,'Fitopatologia');
INSERT INTO sub_area (ae,codigo,ref,descricao) values (184,default,00,'Entomologia Agrícola ');
INSERT INTO sub_area (ae,codigo,ref,descricao) values (184,default,00,'Parasitologia Agrícola ');
INSERT INTO sub_area (ae,codigo,ref,descricao) values (184,default,00,'Microbiologia Agrícola ');
INSERT INTO sub_area (ae,codigo,ref,descricao) values (184,default,00,'Defesa Fitossanitária ');
INSERT INTO area_especifica (ac,codigo,ref,descricao) values (44,185,00,'Fitotecnia');
INSERT INTO sub_area (ae,codigo,ref,descricao) values (185,default,00,'Fitotecnia');
INSERT INTO sub_area (ae,codigo,ref,descricao) values (185,default,00,'Manejo e Tratos Culturais ');
INSERT INTO sub_area (ae,codigo,ref,descricao) values (185,default,00,'Mecanização Agrícola ');
INSERT INTO sub_area (ae,codigo,ref,descricao) values (185,default,00,'Produção e Beneficiamento de Sementes');
INSERT INTO sub_area (ae,codigo,ref,descricao) values (185,default,00,'Produção de Mudas');
INSERT INTO sub_area (ae,codigo,ref,descricao) values (185,default,00,'Melhoramento Vegetal ');
INSERT INTO sub_area (ae,codigo,ref,descricao) values (185,default,00,'Fisiologia de Plantas Cultivadas ');
INSERT INTO sub_area (ae,codigo,ref,descricao) values (185,default,00,'Matologia');
INSERT INTO area_especifica (ac,codigo,ref,descricao) values (44,186,00,'Floricultura, Parques e Jardins ');
INSERT INTO sub_area (ae,codigo,ref,descricao) values (186,default,00,'Floricultura, Parques e Jardins ');
INSERT INTO sub_area (ae,codigo,ref,descricao) values (186,default,00,'Floricultura');
INSERT INTO sub_area (ae,codigo,ref,descricao) values (186,default,00,'Parques e Jardins');
INSERT INTO sub_area (ae,codigo,ref,descricao) values (186,default,00,'Arborização de Vias Públicas ');
INSERT INTO area_especifica (ac,codigo,ref,descricao) values (44,187,00,'Agrometeorologia');
INSERT INTO sub_area (ae,codigo,ref,descricao) values (187,default,00,'Agrometeorologia');
INSERT INTO area_especifica (ac,codigo,ref,descricao) values (44,188,00,'Extensão Rural ');
INSERT INTO sub_area (ae,codigo,ref,descricao) values (188,default,00,'Extensão Rural ');
 INSERT INTO area_conhecimento (ga,codigo,ref,descricao)values (5,45,00,'Recursos Florestais e Engenharia Florestal');
INSERT INTO area_especifica (ac,codigo,ref,descricao) values (45,189,00,'Silvicultura');
INSERT INTO sub_area (ae,codigo,ref,descricao) values (189,default,00,'Silvicultura');
INSERT INTO sub_area (ae,codigo,ref,descricao) values (189,default,00,'Dendrologia');
INSERT INTO sub_area (ae,codigo,ref,descricao) values (189,default,00,'Florestamento e Reflorestamento');
INSERT INTO sub_area (ae,codigo,ref,descricao) values (189,default,00,'Genética e Melhoramento Florestal ');
INSERT INTO sub_area (ae,codigo,ref,descricao) values (189,default,00,'Sementes Florestais ');
INSERT INTO sub_area (ae,codigo,ref,descricao) values (189,default,00,'Nutrição Florestal ');
INSERT INTO sub_area (ae,codigo,ref,descricao) values (189,default,00,'Fisiologia Florestal ');
INSERT INTO sub_area (ae,codigo,ref,descricao) values (189,default,00,'Solos Florestais ');
INSERT INTO sub_area (ae,codigo,ref,descricao) values (189,default,00,'Proteção Florestal ');
INSERT INTO area_especifica (ac,codigo,ref,descricao) values (45,190,00,'Manejo Florestal ');
INSERT INTO sub_area (ae,codigo,ref,descricao) values (190,default,00,'Manejo Florestal ');
INSERT INTO sub_area (ae,codigo,ref,descricao) values (190,default,00,'Economia Florestal ');
INSERT INTO sub_area (ae,codigo,ref,descricao) values (190,default,00,'Politica e Legislação Florestal ');
INSERT INTO sub_area (ae,codigo,ref,descricao) values (190,default,00,'Administração Florestal ');
INSERT INTO sub_area (ae,codigo,ref,descricao) values (190,default,00,'Dendrometria e Inventário Florestal ');
INSERT INTO sub_area (ae,codigo,ref,descricao) values (190,default,00,'Fotointerpretação Florestal ');
INSERT INTO sub_area (ae,codigo,ref,descricao) values (190,default,00,'Ordenamento Florestal ');
INSERT INTO area_especifica (ac,codigo,ref,descricao) values (45,191,00,'Técnicas e Operações Florestais ');
INSERT INTO sub_area (ae,codigo,ref,descricao) values (191,default,00,'Técnicas e Operações Florestais ');
INSERT INTO sub_area (ae,codigo,ref,descricao) values (191,default,00,'Exploração Florestal ');
INSERT INTO sub_area (ae,codigo,ref,descricao) values (191,default,00,'Mecanização Florestal ');
INSERT INTO area_especifica (ac,codigo,ref,descricao) values (45,192,00,'Tecnologia e Utilização de Produtos Florestais ');
INSERT INTO sub_area (ae,codigo,ref,descricao) values (192,default,00,'Tecnologia e Utilização de Produtos Florestais ');
INSERT INTO sub_area (ae,codigo,ref,descricao) values (192,default,00,'Anatomia e Identificação de Produtos Florestais ');
INSERT INTO sub_area (ae,codigo,ref,descricao) values (192,default,00,'Propriedades Físico-Mecânicas da Madeira ');
INSERT INTO sub_area (ae,codigo,ref,descricao) values (192,default,00,'Relações Água-Madeira e Secagem ');
INSERT INTO sub_area (ae,codigo,ref,descricao) values (192,default,00,'Tratamento da Madeira');
INSERT INTO sub_area (ae,codigo,ref,descricao) values (192,default,00,'Processamento Mecânico da Madeira ');
INSERT INTO sub_area (ae,codigo,ref,descricao) values (192,default,00,'Química da Madeira');
INSERT INTO sub_area (ae,codigo,ref,descricao) values (192,default,00,'Resinas de Madeiras');
INSERT INTO sub_area (ae,codigo,ref,descricao) values (192,default,00,'Tecnologia de Celulose e Papel');
INSERT INTO sub_area (ae,codigo,ref,descricao) values (192,default,00,'Tecnologia de Chapas');
INSERT INTO area_especifica (ac,codigo,ref,descricao) values (45,193,00,'Conservação da Natureza');
INSERT INTO sub_area (ae,codigo,ref,descricao) values (193,default,00,'Conservação da Natureza');
INSERT INTO sub_area (ae,codigo,ref,descricao) values (193,default,00,'Hidrologia Florestal ');
INSERT INTO sub_area (ae,codigo,ref,descricao) values (193,default,00,'Conservação de Áreas Silvestres ');
INSERT INTO sub_area (ae,codigo,ref,descricao) values (193,default,00,'Conservação de Bacias Hidrográficas ');
INSERT INTO sub_area (ae,codigo,ref,descricao) values (193,default,00,'Recuperação de Áreas Degradadas ');
INSERT INTO area_especifica (ac,codigo,ref,descricao) values (45,194,00,'Energia de Biomassa Florestal ');
INSERT INTO sub_area (ae,codigo,ref,descricao) values (194,default,00,'Energia de Biomassa Florestal ');
 INSERT INTO area_conhecimento (ga,codigo,ref,descricao)values (5,46,00,'Engenharia Agrícola ');
INSERT INTO area_especifica (ac,codigo,ref,descricao) values (46,195,00,'Máquinas e Implementos Agrícolas ');
INSERT INTO sub_area (ae,codigo,ref,descricao) values (195,default,00,'Máquinas e Implementos Agrícolas ');
INSERT INTO area_especifica (ac,codigo,ref,descricao) values (46,196,00,'Engenharia de Água e Solo');
INSERT INTO sub_area (ae,codigo,ref,descricao) values (196,default,00,'Engenharia de Água e Solo');
INSERT INTO sub_area (ae,codigo,ref,descricao) values (196,default,00,'Irrigação e Drenagem');
INSERT INTO sub_area (ae,codigo,ref,descricao) values (196,default,00,'Conservação de Solo e Água');
INSERT INTO area_especifica (ac,codigo,ref,descricao) values (46,197,00,'Engenharia de Processamento de Produtos Agrícolas ');
INSERT INTO sub_area (ae,codigo,ref,descricao) values (197,default,00,'Engenharia de Processamento de Produtos Agrícolas ');
INSERT INTO sub_area (ae,codigo,ref,descricao) values (197,default,00,'Pré-Processamento de Produtos Agrícolas ');
INSERT INTO sub_area (ae,codigo,ref,descricao) values (197,default,00,'Armazenamento de Produtos Agrícolas ');
INSERT INTO sub_area (ae,codigo,ref,descricao) values (197,default,00,'Transferência de Produtos Agrícolas ');
INSERT INTO area_especifica (ac,codigo,ref,descricao) values (46,198,00,'Construções Rurais e Ambiência ');
INSERT INTO sub_area (ae,codigo,ref,descricao) values (198,default,00,'Construções Rurais e Ambiência ');
INSERT INTO sub_area (ae,codigo,ref,descricao) values (198,default,00,'Assentamento Rural ');
INSERT INTO sub_area (ae,codigo,ref,descricao) values (198,default,00,'Engenharia de Construções Rurais ');
INSERT INTO sub_area (ae,codigo,ref,descricao) values (198,default,00,'Saneamento Rural ');
INSERT INTO area_especifica (ac,codigo,ref,descricao) values (46,199,00,'Energização Rural ');
INSERT INTO sub_area (ae,codigo,ref,descricao) values (199,default,00,'Energização Rural ');
 INSERT INTO area_conhecimento (ga,codigo,ref,descricao)values (5,47,00,'Zootecnia');
INSERT INTO area_especifica (ac,codigo,ref,descricao) values (47,200,00,'Ecologia dos Animais Domésticos e Etologia ');
INSERT INTO sub_area (ae,codigo,ref,descricao) values (200,default,00,'Ecologia dos Animais Domésticos e Etologia ');
INSERT INTO area_especifica (ac,codigo,ref,descricao) values (47,201,00,'Genética e Melhoramento dos Animais Domésticos ');
INSERT INTO sub_area (ae,codigo,ref,descricao) values (201,default,00,'Genética e Melhoramento dos Animais Domésticos ');
INSERT INTO area_especifica (ac,codigo,ref,descricao) values (47,202,00,'Nutrição e Alimentação Animal ');
INSERT INTO sub_area (ae,codigo,ref,descricao) values (202,default,00,'Nutrição e Alimentação Animal ');
INSERT INTO sub_area (ae,codigo,ref,descricao) values (202,default,00,'Exigências Nutricionais dos Animais ');
INSERT INTO sub_area (ae,codigo,ref,descricao) values (202,default,00,'Avaliação de Alimentos para Animais');
INSERT INTO sub_area (ae,codigo,ref,descricao) values (202,default,00,'Conservação de Alimentos para Animais');
INSERT INTO area_especifica (ac,codigo,ref,descricao) values (47,203,00,'Pastagem e Forragicultura');
INSERT INTO sub_area (ae,codigo,ref,descricao) values (203,default,00,'Pastagem e Forragicultura');
INSERT INTO sub_area (ae,codigo,ref,descricao) values (203,default,00,'Avaliação, Produção e Conservação de Forragens ');
INSERT INTO sub_area (ae,codigo,ref,descricao) values (203,default,00,'Manejo e Conservação de Pastagens');
INSERT INTO sub_area (ae,codigo,ref,descricao) values (203,default,00,'Fisiologia de Plantas Forrageiras ');
INSERT INTO sub_area (ae,codigo,ref,descricao) values (203,default,00,'Melhoramento de Plantas Forrageiras e Produção de Sementes');
INSERT INTO sub_area (ae,codigo,ref,descricao) values (203,default,00,'Toxicologia e Plantas Tóxicas ');
INSERT INTO area_especifica (ac,codigo,ref,descricao) values (47,204,00,'Produção Animal ');
INSERT INTO sub_area (ae,codigo,ref,descricao) values (204,default,00,'Produção Animal ');
INSERT INTO sub_area (ae,codigo,ref,descricao) values (204,default,00,'Criação de Animais');
INSERT INTO sub_area (ae,codigo,ref,descricao) values (204,default,00,'Manejo de Animais');
INSERT INTO sub_area (ae,codigo,ref,descricao) values (204,default,00,'Instalações para Produção Animal ');
 INSERT INTO area_conhecimento (ga,codigo,ref,descricao)values (5,48,00,'Medicina Veterinária ');
INSERT INTO area_especifica (ac,codigo,ref,descricao) values (48,205,00,'Clínica e Cirurgia Animal ');
INSERT INTO sub_area (ae,codigo,ref,descricao) values (205,default,00,'Clínica e Cirurgia Animal ');
INSERT INTO sub_area (ae,codigo,ref,descricao) values (205,default,00,'Anestesiologia Animal ');
INSERT INTO sub_area (ae,codigo,ref,descricao) values (205,default,00,'Técnica Cirúrgica Animal');
INSERT INTO sub_area (ae,codigo,ref,descricao) values (205,default,00,'Radiologia de Animais');
INSERT INTO sub_area (ae,codigo,ref,descricao) values (205,default,00,'Farmacologia e Terapêutica Animal ');
INSERT INTO sub_area (ae,codigo,ref,descricao) values (205,default,00,'Obstetrícia Animal ');
INSERT INTO sub_area (ae,codigo,ref,descricao) values (205,default,00,'Clínica Veterinária ');
INSERT INTO sub_area (ae,codigo,ref,descricao) values (205,default,00,'Clínica Cirúrgica Animal');
INSERT INTO sub_area (ae,codigo,ref,descricao) values (205,default,00,'Toxicologia Animal ');
INSERT INTO area_especifica (ac,codigo,ref,descricao) values (48,206,00,'Medicina Veterinária Preventiva');
INSERT INTO sub_area (ae,codigo,ref,descricao) values (206,default,00,'Medicina Veterinária Preventiva');
INSERT INTO sub_area (ae,codigo,ref,descricao) values (206,default,00,'Epidemiologia Animal ');
INSERT INTO sub_area (ae,codigo,ref,descricao) values (206,default,00,'Saneamento Aplicado à Saúde do Homem ');
INSERT INTO sub_area (ae,codigo,ref,descricao) values (206,default,00,'Doenças Infecciosas de Animais ');
INSERT INTO sub_area (ae,codigo,ref,descricao) values (206,default,00,'Doenças Parasitárias de Animais ');
INSERT INTO sub_area (ae,codigo,ref,descricao) values (206,default,00,'Saúde Animal (Programas Sanitários) ');
INSERT INTO area_especifica (ac,codigo,ref,descricao) values (48,207,00,'Patologia Animal ');
INSERT INTO sub_area (ae,codigo,ref,descricao) values (207,default,00,'Patologia Animal ');
INSERT INTO sub_area (ae,codigo,ref,descricao) values (207,default,00,'Patologia Aviária ');
INSERT INTO sub_area (ae,codigo,ref,descricao) values (207,default,00,'Anatomia Patologia Animal');
INSERT INTO sub_area (ae,codigo,ref,descricao) values (207,default,00,'Patologia Clínica Animal');
INSERT INTO area_especifica (ac,codigo,ref,descricao) values (48,208,00,'Reprodução Animal ');
INSERT INTO sub_area (ae,codigo,ref,descricao) values (208,default,00,'Reprodução Animal ');
INSERT INTO sub_area (ae,codigo,ref,descricao) values (208,default,00,'Ginecologia e Andrologia Animal ');
INSERT INTO sub_area (ae,codigo,ref,descricao) values (208,default,00,'Inseminação Artificial Animal');
INSERT INTO sub_area (ae,codigo,ref,descricao) values (208,default,00,'Fisiopatologia da Reprodução Animal ');
INSERT INTO area_especifica (ac,codigo,ref,descricao) values (48,209,00,'Inspeção de Produtos de Origem Animal ');
INSERT INTO sub_area (ae,codigo,ref,descricao) values (209,default,00,'Inspeção de Produtos de Origem Animal ');
 INSERT INTO area_conhecimento (ga,codigo,ref,descricao)values (5,49,00,'Recursos Pesqueiros e Engenharia de Pesca ');
INSERT INTO area_especifica (ac,codigo,ref,descricao) values (49,210,00,'Recursos Pesqueiros Marinhos');
INSERT INTO sub_area (ae,codigo,ref,descricao) values (210,default,00,'Recursos Pesqueiros Marinhos');
INSERT INTO sub_area (ae,codigo,ref,descricao) values (210,default,00,'Fatores Abióticos do Mar ');
INSERT INTO sub_area (ae,codigo,ref,descricao) values (210,default,00,'Avaliação de Estoques Pesqueiros Marinhos');
INSERT INTO sub_area (ae,codigo,ref,descricao) values (210,default,00,'Exploração Pesqueira Marinha');
INSERT INTO sub_area (ae,codigo,ref,descricao) values (210,default,00,'Manejo e Conservação de Recursos Pesqueiros Marinhos');
INSERT INTO area_especifica (ac,codigo,ref,descricao) values (49,211,00,'Recursos Pesqueiros de Águas Interiores');
INSERT INTO sub_area (ae,codigo,ref,descricao) values (211,default,00,'Recursos Pesqueiros de Águas Interiores');
INSERT INTO sub_area (ae,codigo,ref,descricao) values (211,default,00,'Fatores Abióticos de Águas Interiores');
INSERT INTO sub_area (ae,codigo,ref,descricao) values (211,default,00,'Avaliação de Estoques Pesqueiros de Águas Interiores');
INSERT INTO sub_area (ae,codigo,ref,descricao) values (211,default,00,'Explotação Pesqueira de Águas Interiores');
INSERT INTO sub_area (ae,codigo,ref,descricao) values (211,default,00,'Manejo e Conservação de Recursos Pesqueiros de Águas Interiores');
INSERT INTO area_especifica (ac,codigo,ref,descricao) values (49,212,00,'Aqüicultura');
INSERT INTO sub_area (ae,codigo,ref,descricao) values (212,default,00,'Aqüicultura');
INSERT INTO sub_area (ae,codigo,ref,descricao) values (212,default,00,'Maricultura');
INSERT INTO sub_area (ae,codigo,ref,descricao) values (212,default,00,'Carcinocultura');
INSERT INTO sub_area (ae,codigo,ref,descricao) values (212,default,00,'Ostreicultura');
INSERT INTO sub_area (ae,codigo,ref,descricao) values (212,default,00,'Piscicultura');
INSERT INTO area_especifica (ac,codigo,ref,descricao) values (49,213,00,'Engenharia de Pesca');
INSERT INTO sub_area (ae,codigo,ref,descricao) values (213,default,00,'Engenharia de Pesca');
 INSERT INTO area_conhecimento (ga,codigo,ref,descricao)values (5,50,00,'Ciência e Tecnologia de Alimentos');
INSERT INTO area_especifica (ac,codigo,ref,descricao) values (50,214,00,'Ciência de Alimentos');
INSERT INTO sub_area (ae,codigo,ref,descricao) values (214,default,00,'Ciência de Alimentos');
INSERT INTO sub_area (ae,codigo,ref,descricao) values (214,default,00,'Valor Nutritivo de Alimentos ');
INSERT INTO sub_area (ae,codigo,ref,descricao) values (214,default,00,'Química, Física, Físico-Química e Bioquímica dos Alim. e das Mat.-Primas Alimentares ');
INSERT INTO sub_area (ae,codigo,ref,descricao) values (214,default,00,'Microbiologia de Alimentos');
INSERT INTO sub_area (ae,codigo,ref,descricao) values (214,default,00,'Fisiologia Pós-Colheita ');
INSERT INTO sub_area (ae,codigo,ref,descricao) values (214,default,00,'Toxicidade e Resíduos de Pesticidas em Alimentos');
INSERT INTO sub_area (ae,codigo,ref,descricao) values (214,default,00,'Avaliação e Controle de Qualidade de Alimentos');
INSERT INTO sub_area (ae,codigo,ref,descricao) values (214,default,00,'Padrões, Legislação e Fiscalização de Alimentos ');
INSERT INTO area_especifica (ac,codigo,ref,descricao) values (50,215,00,'Tecnologia de Alimentos');
INSERT INTO sub_area (ae,codigo,ref,descricao) values (215,default,00,'Tecnologia de Alimentos');
INSERT INTO sub_area (ae,codigo,ref,descricao) values (215,default,00,'Tecnologia de Produtos de Origem Animal ');
INSERT INTO sub_area (ae,codigo,ref,descricao) values (215,default,00,'Tecnologia de Produtos de Origem Vegetal ');
INSERT INTO sub_area (ae,codigo,ref,descricao) values (215,default,00,'Tecnologia das Bebidas');
INSERT INTO sub_area (ae,codigo,ref,descricao) values (215,default,00,'Tecnologia de Alimentos Dietéticos e Nutricionais ');
INSERT INTO sub_area (ae,codigo,ref,descricao) values (215,default,00,'Aproveitamento de Subprodutos');
INSERT INTO sub_area (ae,codigo,ref,descricao) values (215,default,00,'Embalagens de Produtos Alimentares ');
INSERT INTO area_especifica (ac,codigo,ref,descricao) values (50,216,00,'Engenharia de Alimentos');
INSERT INTO sub_area (ae,codigo,ref,descricao) values (216,default,00,'Engenharia de Alimentos');
INSERT INTO sub_area (ae,codigo,ref,descricao) values (216,default,00,'Instalações Industriais de Produção de Alimentos ');
INSERT INTO sub_area (ae,codigo,ref,descricao) values (216,default,00,'Armazenamento de Alimentos');
INSERT INTO grande_area values (6,'Ciências Sociais Aplicadas');
 INSERT INTO area_conhecimento (ga,codigo,ref,descricao)values (6,51,00,'Direito');
INSERT INTO area_especifica (ac,codigo,ref,descricao) values (51,217,00,'Teoria do Direito');
INSERT INTO sub_area (ae,codigo,ref,descricao) values (217,default,00,'Teoria do Direito');
INSERT INTO sub_area (ae,codigo,ref,descricao) values (217,default,00,'Teoria Geral do Direito ');
INSERT INTO sub_area (ae,codigo,ref,descricao) values (217,default,00,'Teoria Geral do Processo ');
INSERT INTO sub_area (ae,codigo,ref,descricao) values (217,default,00,'Teoria do Estado');
INSERT INTO sub_area (ae,codigo,ref,descricao) values (217,default,00,'História do Direito');
INSERT INTO sub_area (ae,codigo,ref,descricao) values (217,default,00,'Filosofia do Direito');
INSERT INTO sub_area (ae,codigo,ref,descricao) values (217,default,00,'Lógica Jurídica ');
INSERT INTO sub_area (ae,codigo,ref,descricao) values (217,default,00,'Sociologia Jurídica ');
INSERT INTO sub_area (ae,codigo,ref,descricao) values (217,default,00,'Antropologia Jurídica ');
INSERT INTO area_especifica (ac,codigo,ref,descricao) values (51,218,00,'Direito Público ');
INSERT INTO sub_area (ae,codigo,ref,descricao) values (218,default,00,'Direito Público ');
INSERT INTO sub_area (ae,codigo,ref,descricao) values (218,default,00,'Direito Tributário ');
INSERT INTO sub_area (ae,codigo,ref,descricao) values (218,default,00,'Direito Penal ');
INSERT INTO sub_area (ae,codigo,ref,descricao) values (218,default,00,'Direito Processual Penal');
INSERT INTO sub_area (ae,codigo,ref,descricao) values (218,default,00,'Direito Processual Civil');
INSERT INTO sub_area (ae,codigo,ref,descricao) values (218,default,00,'Direito Constitucional ');
INSERT INTO sub_area (ae,codigo,ref,descricao) values (218,default,00,'Direito Administrativo ');
INSERT INTO sub_area (ae,codigo,ref,descricao) values (218,default,00,'Direito Internacional Público');
INSERT INTO area_especifica (ac,codigo,ref,descricao) values (51,219,00,'Direito Privado ');
INSERT INTO sub_area (ae,codigo,ref,descricao) values (219,default,00,'Direito Privado ');
INSERT INTO sub_area (ae,codigo,ref,descricao) values (219,default,00,'Direito Civil ');
INSERT INTO sub_area (ae,codigo,ref,descricao) values (219,default,00,'Direito Comercial ');
INSERT INTO sub_area (ae,codigo,ref,descricao) values (219,default,00,'Direito do Trabalho');
INSERT INTO sub_area (ae,codigo,ref,descricao) values (219,default,00,'Direito Internacional Privado');
INSERT INTO area_especifica (ac,codigo,ref,descricao) values (51,220,00,'Direitos Especiais ');
INSERT INTO sub_area (ae,codigo,ref,descricao) values (220,default,00,'Direitos Especiais ');
 INSERT INTO area_conhecimento (ga,codigo,ref,descricao)values (6,52,00,'Administração');
INSERT INTO area_especifica (ac,codigo,ref,descricao) values (52,221,00,'Administração de Empresas');
INSERT INTO sub_area (ae,codigo,ref,descricao) values (221,default,00,'Administração de Empresas');
INSERT INTO sub_area (ae,codigo,ref,descricao) values (221,default,00,'Administração da Produção');
INSERT INTO sub_area (ae,codigo,ref,descricao) values (221,default,00,'Administração Financeira ');
INSERT INTO sub_area (ae,codigo,ref,descricao) values (221,default,00,'Mercadologia');
INSERT INTO sub_area (ae,codigo,ref,descricao) values (221,default,00,'Negócios Internacionais ');
INSERT INTO sub_area (ae,codigo,ref,descricao) values (221,default,00,'Administração de Recursos Humanos ');
INSERT INTO area_especifica (ac,codigo,ref,descricao) values (52,222,00,'Administração Pública ');
INSERT INTO sub_area (ae,codigo,ref,descricao) values (222,default,00,'Administração Pública ');
INSERT INTO sub_area (ae,codigo,ref,descricao) values (222,default,00,'Contabilidade e Financas Públicas ');
INSERT INTO sub_area (ae,codigo,ref,descricao) values (222,default,00,'Organizações Públicas ');
INSERT INTO sub_area (ae,codigo,ref,descricao) values (222,default,00,'Política e Planejamento Governamentais ');
INSERT INTO sub_area (ae,codigo,ref,descricao) values (222,default,00,'Administração de Pessoal');
INSERT INTO area_especifica (ac,codigo,ref,descricao) values (52,223,00,'Administração de Setores Específicos ');
INSERT INTO sub_area (ae,codigo,ref,descricao) values (223,default,00,'Administração de Setores Específicos ');
INSERT INTO area_especifica (ac,codigo,ref,descricao) values (52,224,00,'Ciências Contábeis ');
INSERT INTO sub_area (ae,codigo,ref,descricao) values (224,default,00,'Ciências Contábeis ');
 INSERT INTO area_conhecimento (ga,codigo,ref,descricao)values (6,53,00,'Economia');
INSERT INTO area_especifica (ac,codigo,ref,descricao) values (53,225,00,'Teoria Econômica ');
INSERT INTO sub_area (ae,codigo,ref,descricao) values (225,default,00,'Teoria Econômica ');
INSERT INTO sub_area (ae,codigo,ref,descricao) values (225,default,00,'Economia Geral ');
INSERT INTO sub_area (ae,codigo,ref,descricao) values (225,default,00,'Teoria Geral da Economia ');
INSERT INTO sub_area (ae,codigo,ref,descricao) values (225,default,00,'História do Pensamento Econômico ');
INSERT INTO sub_area (ae,codigo,ref,descricao) values (225,default,00,'História Econômica ');
INSERT INTO sub_area (ae,codigo,ref,descricao) values (225,default,00,'Sistemas Econômicos ');
INSERT INTO area_especifica (ac,codigo,ref,descricao) values (53,226,00,'Métodos Quantitativos em Economia ');
INSERT INTO sub_area (ae,codigo,ref,descricao) values (226,default,00,'Métodos Quantitativos em Economia ');
INSERT INTO sub_area (ae,codigo,ref,descricao) values (226,default,00,'Métodos e Modelos Matemáticos, Econométricos e Estatísticos');
INSERT INTO sub_area (ae,codigo,ref,descricao) values (226,default,00,'Estatística Sócio-Econômica ');
INSERT INTO sub_area (ae,codigo,ref,descricao) values (226,default,00,'Contabilidade Nacional ');
INSERT INTO sub_area (ae,codigo,ref,descricao) values (226,default,00,'Economia Matemática ');
INSERT INTO area_especifica (ac,codigo,ref,descricao) values (53,227,00,'Economia Monetária e Fiscal ');
INSERT INTO sub_area (ae,codigo,ref,descricao) values (227,default,00,'Economia Monetária e Fiscal ');
INSERT INTO sub_area (ae,codigo,ref,descricao) values (227,default,00,'Teoria Monetária e Financeira ');
INSERT INTO sub_area (ae,codigo,ref,descricao) values (227,default,00,'Instituições Monetárias e Financeiras do Brasil ');
INSERT INTO sub_area (ae,codigo,ref,descricao) values (227,default,00,'Financas Públicas Internas');
INSERT INTO sub_area (ae,codigo,ref,descricao) values (227,default,00,'Política Fiscal do Brasil ');
INSERT INTO area_especifica (ac,codigo,ref,descricao) values (53,228,00,'Crescimento, Flutuações e Planejamento Econômico');
INSERT INTO sub_area (ae,codigo,ref,descricao) values (228,default,00,'Crescimento, Flutuações e Planejamento Econômico');
INSERT INTO sub_area (ae,codigo,ref,descricao) values (228,default,00,'Crescimento e Desenvolvimento Econômico ');
INSERT INTO sub_area (ae,codigo,ref,descricao) values (228,default,00,'Teoria e Política de Planejamento Econômico ');
INSERT INTO sub_area (ae,codigo,ref,descricao) values (228,default,00,'Flutuações Cíclicas e Projeções Econômicas');
INSERT INTO sub_area (ae,codigo,ref,descricao) values (228,default,00,'Inflação');
INSERT INTO area_especifica (ac,codigo,ref,descricao) values (53,229,00,'Economia Internacional ');
INSERT INTO sub_area (ae,codigo,ref,descricao) values (229,default,00,'Economia Internacional ');
INSERT INTO sub_area (ae,codigo,ref,descricao) values (229,default,00,'Teoria do Comércio Internacional ');
INSERT INTO sub_area (ae,codigo,ref,descricao) values (229,default,00,'Relações do Comércio; Política Comercial; Integração Econômica');
INSERT INTO sub_area (ae,codigo,ref,descricao) values (229,default,00,'Balanço de Pagamentos; Financas Internacionais');
INSERT INTO sub_area (ae,codigo,ref,descricao) values (229,default,00,'Investimentos Internacionais e Ajuda Externa');
INSERT INTO area_especifica (ac,codigo,ref,descricao) values (53,230,00,'Economia dos Recursos Humanos ');
INSERT INTO sub_area (ae,codigo,ref,descricao) values (230,default,00,'Economia dos Recursos Humanos ');
INSERT INTO sub_area (ae,codigo,ref,descricao) values (230,default,00,'Treinamento e Alocação de Mão-de-Obra; Oferta de Mão-de-Obra e Força de Trabalho');
INSERT INTO sub_area (ae,codigo,ref,descricao) values (230,default,00,'Mercado de Trabalho; Política do Governo ');
INSERT INTO sub_area (ae,codigo,ref,descricao) values (230,default,00,'Sindicatos, Dissídios Coletivos, Relações de Emprego (Empregador/Empregado)');
INSERT INTO sub_area (ae,codigo,ref,descricao) values (230,default,00,'Capital Humano ');
INSERT INTO sub_area (ae,codigo,ref,descricao) values (230,default,00,'Demografia Econômica ');
INSERT INTO area_especifica (ac,codigo,ref,descricao) values (53,231,00,'Economia Industrial ');
INSERT INTO sub_area (ae,codigo,ref,descricao) values (231,default,00,'Economia Industrial ');
INSERT INTO sub_area (ae,codigo,ref,descricao) values (231,default,00,'Organização Industrial e Estudos Industriais');
INSERT INTO sub_area (ae,codigo,ref,descricao) values (231,default,00,'Mudança Tecnologica ');
INSERT INTO area_especifica (ac,codigo,ref,descricao) values (53,232,00,'Economia do Bem-Estar Social ');
INSERT INTO sub_area (ae,codigo,ref,descricao) values (232,default,00,'Economia do Bem-Estar Social ');
INSERT INTO sub_area (ae,codigo,ref,descricao) values (232,default,00,'Economia dos Programas de Bem-Estar Social ');
INSERT INTO sub_area (ae,codigo,ref,descricao) values (232,default,00,'Economia do Consumidor');
INSERT INTO area_especifica (ac,codigo,ref,descricao) values (53,233,00,'Economia Regional e Urbana ');
INSERT INTO sub_area (ae,codigo,ref,descricao) values (233,default,00,'Economia Regional e Urbana ');
INSERT INTO sub_area (ae,codigo,ref,descricao) values (233,default,00,'Economia Regional ');
INSERT INTO sub_area (ae,codigo,ref,descricao) values (233,default,00,'Economia Urbana ');
INSERT INTO sub_area (ae,codigo,ref,descricao) values (233,default,00,'Renda e Tributação');
INSERT INTO area_especifica (ac,codigo,ref,descricao) values (53,234,00,'Economias Agrária e dos Recursos Naturais ');
INSERT INTO sub_area (ae,codigo,ref,descricao) values (234,default,00,'Economias Agrária e dos Recursos Naturais ');
INSERT INTO sub_area (ae,codigo,ref,descricao) values (234,default,00,'Economia Agrária ');
INSERT INTO sub_area (ae,codigo,ref,descricao) values (234,default,00,'Economia dos Recursos Naturais ');
 INSERT INTO area_conhecimento (ga,codigo,ref,descricao)values (6,54,00,'Arquitetura e Urbanismo');
INSERT INTO area_especifica (ac,codigo,ref,descricao) values (54,235,00,'Fundamentos de Arquitetura e Urbanismo');
INSERT INTO sub_area (ae,codigo,ref,descricao) values (235,default,00,'Fundamentos de Arquitetura e Urbanismo');
INSERT INTO sub_area (ae,codigo,ref,descricao) values (235,default,00,'História da Arquitetura e Urbanismo');
INSERT INTO sub_area (ae,codigo,ref,descricao) values (235,default,00,'Teoria da Arquitetura');
INSERT INTO sub_area (ae,codigo,ref,descricao) values (235,default,00,'História do Urbanismo');
INSERT INTO sub_area (ae,codigo,ref,descricao) values (235,default,00,'Teoria do Urbanismo');
INSERT INTO area_especifica (ac,codigo,ref,descricao) values (54,236,00,'Projeto de Arquitetuta e Urbanismo');
INSERT INTO sub_area (ae,codigo,ref,descricao) values (236,default,00,'Projeto de Arquitetuta e Urbanismo');
INSERT INTO sub_area (ae,codigo,ref,descricao) values (236,default,00,'Planejamento e Projetos da Edificação');
INSERT INTO sub_area (ae,codigo,ref,descricao) values (236,default,00,'Planejamento e Projeto do Espaço Urbano ');
INSERT INTO sub_area (ae,codigo,ref,descricao) values (236,default,00,'Planejamento e Projeto do Equipamento');
INSERT INTO area_especifica (ac,codigo,ref,descricao) values (54,237,00,'Tecnologia de Arquitetura e Urbanismo');
INSERT INTO sub_area (ae,codigo,ref,descricao) values (237,default,00,'Tecnologia de Arquitetura e Urbanismo');
INSERT INTO sub_area (ae,codigo,ref,descricao) values (237,default,00,'Adequação Ambiental ');
INSERT INTO area_especifica (ac,codigo,ref,descricao) values (54,238,00,'Paisagismo');
INSERT INTO sub_area (ae,codigo,ref,descricao) values (238,default,00,'Paisagismo');
INSERT INTO sub_area (ae,codigo,ref,descricao) values (238,default,00,'Desenvolvimento Histórico do Paisagismo ');
INSERT INTO sub_area (ae,codigo,ref,descricao) values (238,default,00,'Conceituação de Paisagismo e Metodologia do Paisagismo');
INSERT INTO sub_area (ae,codigo,ref,descricao) values (238,default,00,'Estudos de Organização do Espaço Exterior ');
INSERT INTO sub_area (ae,codigo,ref,descricao) values (238,default,00,'Projetos de Espaços Livres Urbanos');
 INSERT INTO area_conhecimento (ga,codigo,ref,descricao)values (6,55,00,'Planejamento Urbano e Regional ');
INSERT INTO area_especifica (ac,codigo,ref,descricao) values (55,239,00,'Fundamentos do Planejamento Urbano e Regional ');
INSERT INTO sub_area (ae,codigo,ref,descricao) values (239,default,00,'Fundamentos do Planejamento Urbano e Regional ');
INSERT INTO sub_area (ae,codigo,ref,descricao) values (239,default,00,'Teoria do Planejamento Urbano e Regional ');
INSERT INTO sub_area (ae,codigo,ref,descricao) values (239,default,00,'Teoria da Urbanização');
INSERT INTO sub_area (ae,codigo,ref,descricao) values (239,default,00,'Política Urbana ');
INSERT INTO sub_area (ae,codigo,ref,descricao) values (239,default,00,'História Urbana ');
INSERT INTO area_especifica (ac,codigo,ref,descricao) values (55,240,00,'Métodos e Técnicas do Planejamento Urbano e Regional');
INSERT INTO sub_area (ae,codigo,ref,descricao) values (240,default,00,'Métodos e Técnicas do Planejamento Urbano e Regional');
INSERT INTO sub_area (ae,codigo,ref,descricao) values (240,default,00,'Informação, Cadastro e Mapeamento ');
INSERT INTO sub_area (ae,codigo,ref,descricao) values (240,default,00,'Técnica de Previsão Urbana e Regional ');
INSERT INTO sub_area (ae,codigo,ref,descricao) values (240,default,00,'Técnicas de Análise e Avaliação Urbana e Regional');
INSERT INTO sub_area (ae,codigo,ref,descricao) values (240,default,00,'Técnicas de Planejamento e Projeto Urbanos e Regionais');
INSERT INTO area_especifica (ac,codigo,ref,descricao) values (55,241,00,'Serviços Urbanos e Regionais ');
INSERT INTO sub_area (ae,codigo,ref,descricao) values (241,default,00,'Serviços Urbanos e Regionais ');
INSERT INTO sub_area (ae,codigo,ref,descricao) values (241,default,00,'Administração Municipal e Urbana ');
INSERT INTO sub_area (ae,codigo,ref,descricao) values (241,default,00,'Estudos da Habitação');
INSERT INTO sub_area (ae,codigo,ref,descricao) values (241,default,00,'Aspectos Sociais do Planejamento Urbano e Regional');
INSERT INTO sub_area (ae,codigo,ref,descricao) values (241,default,00,'Aspectos Econômicos do Planejamento Urbano e Regional');
INSERT INTO sub_area (ae,codigo,ref,descricao) values (241,default,00,'Aspectos Físico-Ambientais do Planejamento Urbano e Regional');
INSERT INTO sub_area (ae,codigo,ref,descricao) values (241,default,00,'Serviços Comunitários ');
INSERT INTO sub_area (ae,codigo,ref,descricao) values (241,default,00,'Infra-Estruturas Urbanas e Regionais ');
INSERT INTO sub_area (ae,codigo,ref,descricao) values (241,default,00,'Transporte e Tráfego Urbano e Regional ');
INSERT INTO sub_area (ae,codigo,ref,descricao) values (241,default,00,'Legislação Urbana e Regional ');
 INSERT INTO area_conhecimento (ga,codigo,ref,descricao)values (6,56,00,'Demografia');
INSERT INTO area_especifica (ac,codigo,ref,descricao) values (56,242,00,'Distribuição Espacial ');
INSERT INTO sub_area (ae,codigo,ref,descricao) values (242,default,00,'Distribuição Espacial ');
INSERT INTO sub_area (ae,codigo,ref,descricao) values (242,default,00,'Distribuição Espacial Geral');
INSERT INTO sub_area (ae,codigo,ref,descricao) values (242,default,00,'Distribuição Espacial Urbana');
INSERT INTO sub_area (ae,codigo,ref,descricao) values (242,default,00,'Distribuição Espacial Rural');
INSERT INTO area_especifica (ac,codigo,ref,descricao) values (56,243,00,'Tendência Populacional ');
INSERT INTO sub_area (ae,codigo,ref,descricao) values (243,default,00,'Tendência Populacional ');
INSERT INTO sub_area (ae,codigo,ref,descricao) values (243,default,00,'Tendências Passadas ');
INSERT INTO sub_area (ae,codigo,ref,descricao) values (243,default,00,'Taxas e Estimativas Correntes ');
INSERT INTO sub_area (ae,codigo,ref,descricao) values (243,default,00,'Projeções');
INSERT INTO area_especifica (ac,codigo,ref,descricao) values (56,244,00,'Componentes da Dinâmica Demográfica ');
INSERT INTO sub_area (ae,codigo,ref,descricao) values (244,default,00,'Componentes da Dinâmica Demográfica ');
INSERT INTO sub_area (ae,codigo,ref,descricao) values (244,default,00,'Fecundidade');
INSERT INTO sub_area (ae,codigo,ref,descricao) values (244,default,00,'Mortalidade');
INSERT INTO sub_area (ae,codigo,ref,descricao) values (244,default,00,'Migração');
INSERT INTO area_especifica (ac,codigo,ref,descricao) values (56,245,00,'Nupcialidade e Família');
INSERT INTO sub_area (ae,codigo,ref,descricao) values (245,default,00,'Nupcialidade e Família');
INSERT INTO sub_area (ae,codigo,ref,descricao) values (245,default,00,'Casamento e Divórcio');
INSERT INTO sub_area (ae,codigo,ref,descricao) values (245,default,00,'Família e Reprodução');
INSERT INTO area_especifica (ac,codigo,ref,descricao) values (56,246,00,'Demografia Histórica ');
INSERT INTO sub_area (ae,codigo,ref,descricao) values (246,default,00,'Demografia Histórica ');
INSERT INTO sub_area (ae,codigo,ref,descricao) values (246,default,00,'Distribuição Espacial ');
INSERT INTO sub_area (ae,codigo,ref,descricao) values (246,default,00,'Natalidade, Mortalidade, Migração');
INSERT INTO sub_area (ae,codigo,ref,descricao) values (246,default,00,'Nupcialidade e Família');
INSERT INTO sub_area (ae,codigo,ref,descricao) values (246,default,00,'Métodos e Técnicas de Demografia Histórica ');
INSERT INTO area_especifica (ac,codigo,ref,descricao) values (56,247,00,'Política Pública e População ');
INSERT INTO sub_area (ae,codigo,ref,descricao) values (247,default,00,'Política Pública e População ');
INSERT INTO sub_area (ae,codigo,ref,descricao) values (247,default,00,'Política Populacional ');
INSERT INTO sub_area (ae,codigo,ref,descricao) values (247,default,00,'Políticas de Redistribuição de População');
INSERT INTO sub_area (ae,codigo,ref,descricao) values (247,default,00,'Políticas de Planejamento Familiar ');
INSERT INTO area_especifica (ac,codigo,ref,descricao) values (56,248,00,'Fontes de Dados Demográficos ');
INSERT INTO sub_area (ae,codigo,ref,descricao) values (248,default,00,'Fontes de Dados Demográficos ');
 INSERT INTO area_conhecimento (ga,codigo,ref,descricao)values (6,57,00,'Ciência da Informação');
INSERT INTO area_especifica (ac,codigo,ref,descricao) values (57,249,00,'Teoria da Informação');
INSERT INTO sub_area (ae,codigo,ref,descricao) values (249,default,00,'Teoria da Informação');
INSERT INTO sub_area (ae,codigo,ref,descricao) values (249,default,00,'Teoria Geral da Informação ');
INSERT INTO sub_area (ae,codigo,ref,descricao) values (249,default,00,'Processos da Comunicação');
INSERT INTO sub_area (ae,codigo,ref,descricao) values (249,default,00,'Representação da Informação');
INSERT INTO area_especifica (ac,codigo,ref,descricao) values (57,250,00,'Biblioteconomia');
INSERT INTO sub_area (ae,codigo,ref,descricao) values (250,default,00,'Biblioteconomia');
INSERT INTO sub_area (ae,codigo,ref,descricao) values (250,default,00,'Teoria da Classificação');
INSERT INTO sub_area (ae,codigo,ref,descricao) values (250,default,00,'Métodos Quantitativos. Bibliometria');
INSERT INTO sub_area (ae,codigo,ref,descricao) values (250,default,00,'Técnicas de Recuperação de Informação');
INSERT INTO sub_area (ae,codigo,ref,descricao) values (250,default,00,'Processos de Disseminação da Informação');
INSERT INTO area_especifica (ac,codigo,ref,descricao) values (57,251,00,'Arquivologia');
INSERT INTO sub_area (ae,codigo,ref,descricao) values (251,default,00,'Arquivologia');
INSERT INTO sub_area (ae,codigo,ref,descricao) values (251,default,00,'Organização de Arquivos');
 INSERT INTO area_conhecimento (ga,codigo,ref,descricao)values (6,58,00,'Museologia');
 INSERT INTO area_conhecimento (ga,codigo,ref,descricao)values (6,59,00,'Comunicação');
INSERT INTO area_especifica (ac,codigo,ref,descricao) values (59,252,00,'Teoria da Comunicação');
INSERT INTO sub_area (ae,codigo,ref,descricao) values (252,default,00,'Teoria da Comunicação');
INSERT INTO area_especifica (ac,codigo,ref,descricao) values (59,253,00,'Jornalismo e Editoração');
INSERT INTO sub_area (ae,codigo,ref,descricao) values (253,default,00,'Jornalismo e Editoração');
INSERT INTO sub_area (ae,codigo,ref,descricao) values (253,default,00,'Teoria e Ética do Jornalismo');
INSERT INTO sub_area (ae,codigo,ref,descricao) values (253,default,00,'Organização Editorial de Jornais ');
INSERT INTO sub_area (ae,codigo,ref,descricao) values (253,default,00,'Organização Comercial de Jornais ');
INSERT INTO sub_area (ae,codigo,ref,descricao) values (253,default,00,'Jornalismo Especializado (Comunitário, Rural, Empresarial, Científico) ');
INSERT INTO area_especifica (ac,codigo,ref,descricao) values (59,254,00,'Rádio e Televisão');
INSERT INTO sub_area (ae,codigo,ref,descricao) values (254,default,00,'Rádio e Televisão');
INSERT INTO sub_area (ae,codigo,ref,descricao) values (254,default,00,'Radiodifusão');
INSERT INTO sub_area (ae,codigo,ref,descricao) values (254,default,00,'Videodifusão');
INSERT INTO area_especifica (ac,codigo,ref,descricao) values (59,255,00,'Relações Públicas e Propaganda ');
INSERT INTO sub_area (ae,codigo,ref,descricao) values (255,default,00,'Relações Públicas e Propaganda ');
INSERT INTO area_especifica (ac,codigo,ref,descricao) values (59,256,00,'Comunicação Visual ');
INSERT INTO sub_area (ae,codigo,ref,descricao) values (256,default,00,'Comunicação Visual ');
 INSERT INTO area_conhecimento (ga,codigo,ref,descricao)values (6,60,00,'Serviço Social ');
INSERT INTO area_especifica (ac,codigo,ref,descricao) values (60,257,00,'Fundamentos do Serviço Social ');
INSERT INTO sub_area (ae,codigo,ref,descricao) values (257,default,00,'Fundamentos do Serviço Social ');
INSERT INTO area_especifica (ac,codigo,ref,descricao) values (60,258,00,'Serviço Social Aplicado');
INSERT INTO sub_area (ae,codigo,ref,descricao) values (258,default,00,'Serviço Social Aplicado');
INSERT INTO sub_area (ae,codigo,ref,descricao) values (258,default,00,'Serviço Social do Trabalho ');
INSERT INTO sub_area (ae,codigo,ref,descricao) values (258,default,00,'Serviço Social da Educação ');
INSERT INTO sub_area (ae,codigo,ref,descricao) values (258,default,00,'Serviço Social do Menor ');
INSERT INTO sub_area (ae,codigo,ref,descricao) values (258,default,00,'Serviço Social da Saúde ');
INSERT INTO sub_area (ae,codigo,ref,descricao) values (258,default,00,'Serviço Social da Habitação ');
 INSERT INTO area_conhecimento (ga,codigo,ref,descricao)values (6,61,00,'Economia Doméstica ');
 INSERT INTO area_conhecimento (ga,codigo,ref,descricao)values (6,62,00,'Desenho Industrial ');
INSERT INTO area_especifica (ac,codigo,ref,descricao) values (62,259,00,'Programação Visual ');
INSERT INTO sub_area (ae,codigo,ref,descricao) values (259,default,00,'Programação Visual ');
INSERT INTO area_especifica (ac,codigo,ref,descricao) values (62,260,00,'Desenho de Produto');
INSERT INTO sub_area (ae,codigo,ref,descricao) values (260,default,00,'Desenho de Produto');
 INSERT INTO area_conhecimento (ga,codigo,ref,descricao)values (6,63,00,'Turismo');
INSERT INTO grande_area values (7,'Ciências Humanas ');
 INSERT INTO area_conhecimento (ga,codigo,ref,descricao)values (7,64,00,'Filosofia');
INSERT INTO area_especifica (ac,codigo,ref,descricao) values (64,261,00,'História da Filosofia');
INSERT INTO sub_area (ae,codigo,ref,descricao) values (261,default,00,'História da Filosofia');
INSERT INTO area_especifica (ac,codigo,ref,descricao) values (64,262,00,'Metafísica');
INSERT INTO sub_area (ae,codigo,ref,descricao) values (262,default,00,'Metafísica');
INSERT INTO area_especifica (ac,codigo,ref,descricao) values (64,263,00,'Lógica');
INSERT INTO sub_area (ae,codigo,ref,descricao) values (263,default,00,'Lógica');
INSERT INTO area_especifica (ac,codigo,ref,descricao) values (64,264,00,'Ética');
INSERT INTO sub_area (ae,codigo,ref,descricao) values (264,default,00,'Ética');
INSERT INTO area_especifica (ac,codigo,ref,descricao) values (64,265,00,'Epistemologia');
INSERT INTO sub_area (ae,codigo,ref,descricao) values (265,default,00,'Epistemologia');
INSERT INTO area_especifica (ac,codigo,ref,descricao) values (64,266,00,'Filosofia Brasileira ');
INSERT INTO sub_area (ae,codigo,ref,descricao) values (266,default,00,'Filosofia Brasileira ');
 INSERT INTO area_conhecimento (ga,codigo,ref,descricao)values (7,65,00,'Sociologia');
INSERT INTO area_especifica (ac,codigo,ref,descricao) values (65,267,00,'Fundamentos da Sociologia');
INSERT INTO sub_area (ae,codigo,ref,descricao) values (267,default,00,'Fundamentos da Sociologia');
INSERT INTO sub_area (ae,codigo,ref,descricao) values (267,default,00,'Teoria Sociológica ');
INSERT INTO sub_area (ae,codigo,ref,descricao) values (267,default,00,'História da Sociologia');
INSERT INTO area_especifica (ac,codigo,ref,descricao) values (65,268,00,'Sociologia do Conhecimento');
INSERT INTO sub_area (ae,codigo,ref,descricao) values (268,default,00,'Sociologia do Conhecimento');
INSERT INTO area_especifica (ac,codigo,ref,descricao) values (65,269,00,'Sociologia do Desenvolvimento');
INSERT INTO sub_area (ae,codigo,ref,descricao) values (269,default,00,'Sociologia do Desenvolvimento');
INSERT INTO area_especifica (ac,codigo,ref,descricao) values (65,270,00,'Sociologia Urbana ');
INSERT INTO sub_area (ae,codigo,ref,descricao) values (270,default,00,'Sociologia Urbana ');
INSERT INTO area_especifica (ac,codigo,ref,descricao) values (65,271,00,'Sociologia Rural ');
INSERT INTO sub_area (ae,codigo,ref,descricao) values (271,default,00,'Sociologia Rural ');
INSERT INTO area_especifica (ac,codigo,ref,descricao) values (65,272,00,'Sociologia da Saúde');
INSERT INTO sub_area (ae,codigo,ref,descricao) values (272,default,00,'Sociologia da Saúde');
INSERT INTO area_especifica (ac,codigo,ref,descricao) values (65,273,00,'Outras Sociologias Específicas');
INSERT INTO sub_area (ae,codigo,ref,descricao) values (273,default,00,'Outras Sociologias Específicas');
 INSERT INTO area_conhecimento (ga,codigo,ref,descricao)values (7,66,00,'Antropologia');
INSERT INTO area_especifica (ac,codigo,ref,descricao) values (66,274,00,'Teoria Antropológica ');
INSERT INTO sub_area (ae,codigo,ref,descricao) values (274,default,00,'Teoria Antropológica ');
INSERT INTO area_especifica (ac,codigo,ref,descricao) values (66,275,00,'Etnologia Indígena ');
INSERT INTO sub_area (ae,codigo,ref,descricao) values (275,default,00,'Etnologia Indígena ');
INSERT INTO area_especifica (ac,codigo,ref,descricao) values (66,276,00,'Antropologia Urbana ');
INSERT INTO sub_area (ae,codigo,ref,descricao) values (276,default,00,'Antropologia Urbana ');
INSERT INTO area_especifica (ac,codigo,ref,descricao) values (66,277,00,'Antropologia Rural ');
INSERT INTO sub_area (ae,codigo,ref,descricao) values (277,default,00,'Antropologia Rural ');
INSERT INTO area_especifica (ac,codigo,ref,descricao) values (66,278,00,'Antropologia das Populações Afro-Brasileiras ');
INSERT INTO sub_area (ae,codigo,ref,descricao) values (278,default,00,'Antropologia das Populações Afro-Brasileiras ');
 INSERT INTO area_conhecimento (ga,codigo,ref,descricao)values (7,67,00,'Arqueologia');
INSERT INTO area_especifica (ac,codigo,ref,descricao) values (67,279,00,'Teoria e Método em Arqueologia');
INSERT INTO sub_area (ae,codigo,ref,descricao) values (279,default,00,'Teoria e Método em Arqueologia');
INSERT INTO area_especifica (ac,codigo,ref,descricao) values (67,280,00,'Arqueologia Pré-Histórica ');
INSERT INTO sub_area (ae,codigo,ref,descricao) values (280,default,00,'Arqueologia Pré-Histórica ');
INSERT INTO area_especifica (ac,codigo,ref,descricao) values (67,281,00,'Arqueologia Histórica ');
INSERT INTO sub_area (ae,codigo,ref,descricao) values (281,default,00,'Arqueologia Histórica ');
 INSERT INTO area_conhecimento (ga,codigo,ref,descricao)values (7,68,00,'História');
INSERT INTO area_especifica (ac,codigo,ref,descricao) values (68,282,00,'Teoria e Filosofia da História');
INSERT INTO sub_area (ae,codigo,ref,descricao) values (282,default,00,'Teoria e Filosofia da História');
INSERT INTO area_especifica (ac,codigo,ref,descricao) values (68,283,00,'História Antiga e Medieval ');
INSERT INTO sub_area (ae,codigo,ref,descricao) values (283,default,00,'História Antiga e Medieval ');
INSERT INTO area_especifica (ac,codigo,ref,descricao) values (68,284,00,'História Moderna e Contemporânea ');
INSERT INTO sub_area (ae,codigo,ref,descricao) values (284,default,00,'História Moderna e Contemporânea ');
INSERT INTO area_especifica (ac,codigo,ref,descricao) values (68,285,00,'História da América');
INSERT INTO sub_area (ae,codigo,ref,descricao) values (285,default,00,'História da América');
INSERT INTO sub_area (ae,codigo,ref,descricao) values (285,default,00,'História dos Estados Unidos ');
INSERT INTO sub_area (ae,codigo,ref,descricao) values (285,default,00,'História Latino-Americana ');
INSERT INTO area_especifica (ac,codigo,ref,descricao) values (68,286,00,'História do Brasil');
INSERT INTO sub_area (ae,codigo,ref,descricao) values (286,default,00,'História do Brasil');
INSERT INTO sub_area (ae,codigo,ref,descricao) values (286,default,00,'História do Brasil Colônia ');
INSERT INTO sub_area (ae,codigo,ref,descricao) values (286,default,00,'História do Brasil Império ');
INSERT INTO sub_area (ae,codigo,ref,descricao) values (286,default,00,'História do Brasil República ');
INSERT INTO sub_area (ae,codigo,ref,descricao) values (286,default,00,'História Regional do Brasil ');
INSERT INTO area_especifica (ac,codigo,ref,descricao) values (68,287,00,'História das Ciências');
INSERT INTO sub_area (ae,codigo,ref,descricao) values (287,default,00,'História das Ciências');
 INSERT INTO area_conhecimento (ga,codigo,ref,descricao)values (7,69,00,'Geografia');
INSERT INTO area_especifica (ac,codigo,ref,descricao) values (69,288,00,'Geografia Humana ');
INSERT INTO sub_area (ae,codigo,ref,descricao) values (288,default,00,'Geografia Humana ');
INSERT INTO sub_area (ae,codigo,ref,descricao) values (288,default,00,'Geografia da População');
INSERT INTO sub_area (ae,codigo,ref,descricao) values (288,default,00,'Geografia Agrária ');
INSERT INTO sub_area (ae,codigo,ref,descricao) values (288,default,00,'Geografia Urbana ');
INSERT INTO sub_area (ae,codigo,ref,descricao) values (288,default,00,'Geografia Econômica ');
INSERT INTO sub_area (ae,codigo,ref,descricao) values (288,default,00,'Geografia Política ');
INSERT INTO area_especifica (ac,codigo,ref,descricao) values (69,289,00,'Geografia Regional ');
INSERT INTO sub_area (ae,codigo,ref,descricao) values (289,default,00,'Geografia Regional ');
INSERT INTO sub_area (ae,codigo,ref,descricao) values (289,default,00,'Teoria do Desenvolvimento Regional ');
INSERT INTO sub_area (ae,codigo,ref,descricao) values (289,default,00,'Regionalização');
INSERT INTO sub_area (ae,codigo,ref,descricao) values (289,default,00,'Análise Regional ');
 INSERT INTO area_conhecimento (ga,codigo,ref,descricao)values (7,70,00,'Psicologia');
INSERT INTO area_especifica (ac,codigo,ref,descricao) values (70,290,00,'Fundamentos e Medidas da Psicologia');
INSERT INTO sub_area (ae,codigo,ref,descricao) values (290,default,00,'Fundamentos e Medidas da Psicologia');
INSERT INTO sub_area (ae,codigo,ref,descricao) values (290,default,00,'História, Teorias e Sistemas em Psicologia ');
INSERT INTO sub_area (ae,codigo,ref,descricao) values (290,default,00,'Metodologia, Instrumentação e Equipamento em Psicologia ');
INSERT INTO sub_area (ae,codigo,ref,descricao) values (290,default,00,'Construção e Validade de Testes, Escalas e Outras Medidas Psicológicas  ');
INSERT INTO sub_area (ae,codigo,ref,descricao) values (290,default,00,'Técnicas de Processamento Estatístico, Matemático e Computacional em Psicologia');
INSERT INTO area_especifica (ac,codigo,ref,descricao) values (70,291,00,'Psicologia Experimental ');
INSERT INTO sub_area (ae,codigo,ref,descricao) values (291,default,00,'Psicologia Experimental ');
INSERT INTO sub_area (ae,codigo,ref,descricao) values (291,default,00,'Processos Perceptuais e Motores ');
INSERT INTO sub_area (ae,codigo,ref,descricao) values (291,default,00,'Processos de Aprendizagem, Memória e Motivação ');
INSERT INTO sub_area (ae,codigo,ref,descricao) values (291,default,00,'Processos Cognitivos e Atencionais ');
INSERT INTO sub_area (ae,codigo,ref,descricao) values (291,default,00,'Estados Subjetivos e Emoção ');
INSERT INTO area_especifica (ac,codigo,ref,descricao) values (70,292,00,'Psicologia Fisiológica ');
INSERT INTO sub_area (ae,codigo,ref,descricao) values (292,default,00,'Psicologia Fisiológica ');
INSERT INTO sub_area (ae,codigo,ref,descricao) values (292,default,00,'Neurologia, Eletrofisiologia e Comportamento ');
INSERT INTO sub_area (ae,codigo,ref,descricao) values (292,default,00,'Processos Psico-Fisiológicos ');
INSERT INTO sub_area (ae,codigo,ref,descricao) values (292,default,00,'Estimulação Elétrica e com Drogas; Comportamento ');
INSERT INTO sub_area (ae,codigo,ref,descricao) values (292,default,00,'Psicobiologia');
INSERT INTO area_especifica (ac,codigo,ref,descricao) values (70,293,00,'Psicologia Comparativa ');
INSERT INTO sub_area (ae,codigo,ref,descricao) values (293,default,00,'Psicologia Comparativa ');
INSERT INTO sub_area (ae,codigo,ref,descricao) values (293,default,00,'Estudos Naturalísticos do Comportamento Animal');
INSERT INTO sub_area (ae,codigo,ref,descricao) values (293,default,00,'Mecanismos Instintivos e Processos Sociais em Animais');
INSERT INTO area_especifica (ac,codigo,ref,descricao) values (70,294,00,'Psicologia Social ');
INSERT INTO sub_area (ae,codigo,ref,descricao) values (294,default,00,'Psicologia Social ');
INSERT INTO sub_area (ae,codigo,ref,descricao) values (294,default,00,'Relações Interpessoais ');
INSERT INTO sub_area (ae,codigo,ref,descricao) values (294,default,00,'Processos Grupais e de Comunicação');
INSERT INTO sub_area (ae,codigo,ref,descricao) values (294,default,00,'Papéis e Estruturas Sociais; Indivíduo');
INSERT INTO area_especifica (ac,codigo,ref,descricao) values (70,295,00,'Psicologia Cognitiva ');
INSERT INTO sub_area (ae,codigo,ref,descricao) values (295,default,00,'Psicologia Cognitiva ');
INSERT INTO area_especifica (ac,codigo,ref,descricao) values (70,296,00,'Psicologia do Desenvolvimento Humano ');
INSERT INTO sub_area (ae,codigo,ref,descricao) values (296,default,00,'Psicologia do Desenvolvimento Humano ');
INSERT INTO sub_area (ae,codigo,ref,descricao) values (296,default,00,'Processos Perceptuais e Cognitivos; Desenvolvimento');
INSERT INTO sub_area (ae,codigo,ref,descricao) values (296,default,00,'Desenvolvimento Social e da Personalidade');
INSERT INTO area_especifica (ac,codigo,ref,descricao) values (70,297,00,'Psicologia do Ensino e da Aprendizagem ');
INSERT INTO sub_area (ae,codigo,ref,descricao) values (297,default,00,'Psicologia do Ensino e da Aprendizagem ');
INSERT INTO sub_area (ae,codigo,ref,descricao) values (297,default,00,'Planejamento Institucional ');
INSERT INTO sub_area (ae,codigo,ref,descricao) values (297,default,00,'Programação de Condições de Ensino');
INSERT INTO sub_area (ae,codigo,ref,descricao) values (297,default,00,'Treinamento de Pessoal');
INSERT INTO sub_area (ae,codigo,ref,descricao) values (297,default,00,'Aprendizagem e Desempenho Acadêmicos ');
INSERT INTO sub_area (ae,codigo,ref,descricao) values (297,default,00,'Ensino e Aprendizagem na Sala de Aula');
INSERT INTO area_especifica (ac,codigo,ref,descricao) values (70,298,00,'Psicologia do Trabalho e Organizacional');
INSERT INTO sub_area (ae,codigo,ref,descricao) values (298,default,00,'Psicologia do Trabalho e Organizacional');
INSERT INTO sub_area (ae,codigo,ref,descricao) values (298,default,00,'Análise Institucional ');
INSERT INTO sub_area (ae,codigo,ref,descricao) values (298,default,00,'Recrutamento e Seleção de Pessoal');
INSERT INTO sub_area (ae,codigo,ref,descricao) values (298,default,00,'Treinamento e Avaliação');
INSERT INTO sub_area (ae,codigo,ref,descricao) values (298,default,00,'Fatores Humanos no Trabalho ');
INSERT INTO sub_area (ae,codigo,ref,descricao) values (298,default,00,'Planejamento Ambiental e Comportamento Humano');
INSERT INTO area_especifica (ac,codigo,ref,descricao) values (70,299,00,'Tratamento e Prevenção Psicológica ');
INSERT INTO sub_area (ae,codigo,ref,descricao) values (299,default,00,'Tratamento e Prevenção Psicológica ');
INSERT INTO sub_area (ae,codigo,ref,descricao) values (299,default,00,'Intervenção Terapêutica ');
INSERT INTO sub_area (ae,codigo,ref,descricao) values (299,default,00,'Programas de Atendimento Comunitário ');
INSERT INTO sub_area (ae,codigo,ref,descricao) values (299,default,00,'Treinamento e Reabilitação');
INSERT INTO sub_area (ae,codigo,ref,descricao) values (299,default,00,'Desvios da Conduta');
INSERT INTO sub_area (ae,codigo,ref,descricao) values (299,default,00,'Distúrbios da Linguagem');
INSERT INTO sub_area (ae,codigo,ref,descricao) values (299,default,00,'Distúrbios Psicossomáticos ');
 INSERT INTO area_conhecimento (ga,codigo,ref,descricao)values (7,71,00,'Educação');
INSERT INTO area_especifica (ac,codigo,ref,descricao) values (71,300,00,'Fundamentos da Educação');
INSERT INTO sub_area (ae,codigo,ref,descricao) values (300,default,00,'Fundamentos da Educação');
INSERT INTO sub_area (ae,codigo,ref,descricao) values (300,default,00,'Filosofia da Educação');
INSERT INTO sub_area (ae,codigo,ref,descricao) values (300,default,00,'História da Educação');
INSERT INTO sub_area (ae,codigo,ref,descricao) values (300,default,00,'Sociologia da Educação');
INSERT INTO sub_area (ae,codigo,ref,descricao) values (300,default,00,'Antropologia Educacional ');
INSERT INTO sub_area (ae,codigo,ref,descricao) values (300,default,00,'Economia da Educação');
INSERT INTO sub_area (ae,codigo,ref,descricao) values (300,default,00,'Psicologia Educacional ');
INSERT INTO area_especifica (ac,codigo,ref,descricao) values (71,301,00,'Administração Educacional ');
INSERT INTO sub_area (ae,codigo,ref,descricao) values (301,default,00,'Administração Educacional ');
INSERT INTO sub_area (ae,codigo,ref,descricao) values (301,default,00,'Administração de Sistemas Educacionais ');
INSERT INTO sub_area (ae,codigo,ref,descricao) values (301,default,00,'Administração de Unidades Educativas ');
INSERT INTO area_especifica (ac,codigo,ref,descricao) values (71,302,00,'Planejamento e Avaliação Educacional ');
INSERT INTO sub_area (ae,codigo,ref,descricao) values (302,default,00,'Planejamento e Avaliação Educacional ');
INSERT INTO sub_area (ae,codigo,ref,descricao) values (302,default,00,'Política Educacional ');
INSERT INTO sub_area (ae,codigo,ref,descricao) values (302,default,00,'Planejamento Educacional ');
INSERT INTO sub_area (ae,codigo,ref,descricao) values (302,default,00,'Avaliação de Sistemas, Instituições, Planos e Programas Educacionais');
INSERT INTO area_especifica (ac,codigo,ref,descricao) values (71,303,00,'Ensino-Aprendizagem');
INSERT INTO sub_area (ae,codigo,ref,descricao) values (303,default,00,'Ensino-Aprendizagem');
INSERT INTO sub_area (ae,codigo,ref,descricao) values (303,default,00,'Teorias da Instrução');
INSERT INTO sub_area (ae,codigo,ref,descricao) values (303,default,00,'Métodos e Técnicas de Ensino');
INSERT INTO sub_area (ae,codigo,ref,descricao) values (303,default,00,'Tecnologia Educacional ');
INSERT INTO sub_area (ae,codigo,ref,descricao) values (303,default,00,'Avaliação da Aprendizagem');
INSERT INTO area_especifica (ac,codigo,ref,descricao) values (71,304,00,'Currículo');
INSERT INTO sub_area (ae,codigo,ref,descricao) values (304,default,00,'Currículo');
INSERT INTO sub_area (ae,codigo,ref,descricao) values (304,default,00,'Teoria Geral de Planejamento e Desenvolvimento Curricular');
INSERT INTO sub_area (ae,codigo,ref,descricao) values (304,default,00,'Currículos Específicos para Níveis e Tipos de Educação');
INSERT INTO area_especifica (ac,codigo,ref,descricao) values (71,305,00,'Orientação e Aconselhamento');
INSERT INTO sub_area (ae,codigo,ref,descricao) values (305,default,00,'Orientação e Aconselhamento');
INSERT INTO sub_area (ae,codigo,ref,descricao) values (305,default,00,'Orientação Educacional ');
INSERT INTO sub_area (ae,codigo,ref,descricao) values (305,default,00,'Orientação Vocacional ');
INSERT INTO area_especifica (ac,codigo,ref,descricao) values (71,306,00,'Tópicos Específicos de Educação ');
INSERT INTO sub_area (ae,codigo,ref,descricao) values (306,default,00,'Tópicos Específicos de Educação ');
INSERT INTO sub_area (ae,codigo,ref,descricao) values (306,default,00,'Educação de Adultos');
INSERT INTO sub_area (ae,codigo,ref,descricao) values (306,default,00,'Educação Permanente ');
INSERT INTO sub_area (ae,codigo,ref,descricao) values (306,default,00,'Educação Rural ');
INSERT INTO sub_area (ae,codigo,ref,descricao) values (306,default,00,'Educação em Periferias Urbanas ');
INSERT INTO sub_area (ae,codigo,ref,descricao) values (306,default,00,'Educação Especial ');
INSERT INTO sub_area (ae,codigo,ref,descricao) values (306,default,00,'Educação Pré-Escolar ');
INSERT INTO sub_area (ae,codigo,ref,descricao) values (306,default,00,'Ensino Profissionalizante ');
 INSERT INTO area_conhecimento (ga,codigo,ref,descricao)values (7,72,00,'Ciência Política ');
INSERT INTO area_especifica (ac,codigo,ref,descricao) values (72,307,00,'Teoria Política ');
INSERT INTO sub_area (ae,codigo,ref,descricao) values (307,default,00,'Teoria Política ');
INSERT INTO sub_area (ae,codigo,ref,descricao) values (307,default,00,'Teoria Política Clássica');
INSERT INTO sub_area (ae,codigo,ref,descricao) values (307,default,00,'Teoria Política Medieval');
INSERT INTO sub_area (ae,codigo,ref,descricao) values (307,default,00,'Teoria Política Moderna');
INSERT INTO sub_area (ae,codigo,ref,descricao) values (307,default,00,'Teoria Política Contemporânea');
INSERT INTO area_especifica (ac,codigo,ref,descricao) values (72,308,00,'Estado e Governo');
INSERT INTO sub_area (ae,codigo,ref,descricao) values (308,default,00,'Estado e Governo');
INSERT INTO sub_area (ae,codigo,ref,descricao) values (308,default,00,'Estrutura e Transformação do Estado');
INSERT INTO sub_area (ae,codigo,ref,descricao) values (308,default,00,'Sistemas Governamentais Comparados');
INSERT INTO sub_area (ae,codigo,ref,descricao) values (308,default,00,'Relações Intergovernamentais ');
INSERT INTO sub_area (ae,codigo,ref,descricao) values (308,default,00,'Estudos do Poder Local ');
INSERT INTO sub_area (ae,codigo,ref,descricao) values (308,default,00,'Instituições Governamentais Específicas');
INSERT INTO area_especifica (ac,codigo,ref,descricao) values (72,309,00,'Comportamento Político ');
INSERT INTO sub_area (ae,codigo,ref,descricao) values (309,default,00,'Comportamento Político ');
INSERT INTO sub_area (ae,codigo,ref,descricao) values (309,default,00,'Estudos Eleitorais e Partidos Políticos');
INSERT INTO sub_area (ae,codigo,ref,descricao) values (309,default,00,'Atitude e Ideologias Políticas ');
INSERT INTO sub_area (ae,codigo,ref,descricao) values (309,default,00,'Conflitos e Coalizões Políticas ');
INSERT INTO sub_area (ae,codigo,ref,descricao) values (309,default,00,'Comportamento Legislativo ');
INSERT INTO sub_area (ae,codigo,ref,descricao) values (309,default,00,'Classes Sociais e Grupos de Interesse ');
INSERT INTO area_especifica (ac,codigo,ref,descricao) values (72,310,00,'Políticas Públicas ');
INSERT INTO sub_area (ae,codigo,ref,descricao) values (310,default,00,'Políticas Públicas ');
INSERT INTO sub_area (ae,codigo,ref,descricao) values (310,default,00,'Análise do Processo Decisório ');
INSERT INTO sub_area (ae,codigo,ref,descricao) values (310,default,00,'Análise Institucional ');
INSERT INTO sub_area (ae,codigo,ref,descricao) values (310,default,00,'Técnicas de Antecipação');
INSERT INTO area_especifica (ac,codigo,ref,descricao) values (72,311,00,'Política Internacional ');
INSERT INTO sub_area (ae,codigo,ref,descricao) values (311,default,00,'Política Internacional ');
INSERT INTO sub_area (ae,codigo,ref,descricao) values (311,default,00,'Política Externa do Brasil ');
INSERT INTO sub_area (ae,codigo,ref,descricao) values (311,default,00,'Organizações Internacionais ');
INSERT INTO sub_area (ae,codigo,ref,descricao) values (311,default,00,'Integração Internacional, Conflito, Guerra e Paz ');
INSERT INTO sub_area (ae,codigo,ref,descricao) values (311,default,00,'Relações Internacionais, Bilaterais e Multilaterais');
 INSERT INTO area_conhecimento (ga,codigo,ref,descricao)values (7,73,00,'Teologia');
INSERT INTO area_especifica (ac,codigo,ref,descricao) values (73,312,00,'História da Teologia');
INSERT INTO sub_area (ae,codigo,ref,descricao) values (312,default,00,'História da Teologia');
INSERT INTO area_especifica (ac,codigo,ref,descricao) values (73,313,00,'Teologia Moral ');
INSERT INTO sub_area (ae,codigo,ref,descricao) values (313,default,00,'Teologia Moral ');
INSERT INTO area_especifica (ac,codigo,ref,descricao) values (73,314,00,'Teologia Sistemática ');
INSERT INTO sub_area (ae,codigo,ref,descricao) values (314,default,00,'Teologia Sistemática ');
INSERT INTO area_especifica (ac,codigo,ref,descricao) values (73,315,00,'Teologia Pastoral ');
INSERT INTO sub_area (ae,codigo,ref,descricao) values (315,default,00,'Teologia Pastoral ');
INSERT INTO grande_area values (8,'Lingüística, Letras e Artes ');
 INSERT INTO area_conhecimento (ga,codigo,ref,descricao)values (8,74,00,'Lingüística');
INSERT INTO area_especifica (ac,codigo,ref,descricao) values (74,316,00,'Teoria e Análise Lingüística ');
INSERT INTO sub_area (ae,codigo,ref,descricao) values (316,default,00,'Teoria e Análise Lingüística ');
INSERT INTO area_especifica (ac,codigo,ref,descricao) values (74,317,00,'Fisiologia da Linguagem');
INSERT INTO sub_area (ae,codigo,ref,descricao) values (317,default,00,'Fisiologia da Linguagem');
INSERT INTO area_especifica (ac,codigo,ref,descricao) values (74,318,00,'Lingüística Histórica ');
INSERT INTO sub_area (ae,codigo,ref,descricao) values (318,default,00,'Lingüística Histórica ');
INSERT INTO area_especifica (ac,codigo,ref,descricao) values (74,319,00,'Sociolingüística e Dialetologia');
INSERT INTO sub_area (ae,codigo,ref,descricao) values (319,default,00,'Sociolingüística e Dialetologia');
INSERT INTO area_especifica (ac,codigo,ref,descricao) values (74,320,00,'Psicolingüística');
INSERT INTO sub_area (ae,codigo,ref,descricao) values (320,default,00,'Psicolingüística');
INSERT INTO area_especifica (ac,codigo,ref,descricao) values (74,321,00,'Lingüística Aplicada ');
INSERT INTO sub_area (ae,codigo,ref,descricao) values (321,default,00,'Lingüística Aplicada ');
 INSERT INTO area_conhecimento (ga,codigo,ref,descricao)values (8,75,00,'Letras');
INSERT INTO area_especifica (ac,codigo,ref,descricao) values (75,322,00,'Língua Portuguesa ');
INSERT INTO sub_area (ae,codigo,ref,descricao) values (322,default,00,'Língua Portuguesa ');
INSERT INTO area_especifica (ac,codigo,ref,descricao) values (75,323,00,'Línguas Estrangeiras Modernas');
INSERT INTO sub_area (ae,codigo,ref,descricao) values (323,default,00,'Línguas Estrangeiras Modernas');
INSERT INTO area_especifica (ac,codigo,ref,descricao) values (75,324,00,'Línguas Clássicas ');
INSERT INTO sub_area (ae,codigo,ref,descricao) values (324,default,00,'Línguas Clássicas ');
INSERT INTO area_especifica (ac,codigo,ref,descricao) values (75,325,00,'Línguas Indígenas ');
INSERT INTO sub_area (ae,codigo,ref,descricao) values (325,default,00,'Línguas Indígenas ');
INSERT INTO area_especifica (ac,codigo,ref,descricao) values (75,326,00,'Teoria Literária ');
INSERT INTO sub_area (ae,codigo,ref,descricao) values (326,default,00,'Teoria Literária ');
INSERT INTO area_especifica (ac,codigo,ref,descricao) values (75,327,00,'Literatura Brasileira ');
INSERT INTO sub_area (ae,codigo,ref,descricao) values (327,default,00,'Literatura Brasileira ');
INSERT INTO area_especifica (ac,codigo,ref,descricao) values (75,328,00,'Outras Literaturas Vernáculas');
INSERT INTO sub_area (ae,codigo,ref,descricao) values (328,default,00,'Outras Literaturas Vernáculas');
INSERT INTO area_especifica (ac,codigo,ref,descricao) values (75,329,00,'Literaturas Estrangeiras Modernas');
INSERT INTO sub_area (ae,codigo,ref,descricao) values (329,default,00,'Literaturas Estrangeiras Modernas');
INSERT INTO area_especifica (ac,codigo,ref,descricao) values (75,330,00,'Literaturas Clássicas ');
INSERT INTO sub_area (ae,codigo,ref,descricao) values (330,default,00,'Literaturas Clássicas ');
INSERT INTO area_especifica (ac,codigo,ref,descricao) values (75,331,00,'Literatura Comparada ');
INSERT INTO sub_area (ae,codigo,ref,descricao) values (331,default,00,'Literatura Comparada ');
 INSERT INTO area_conhecimento (ga,codigo,ref,descricao)values (8,76,00,'Artes');
INSERT INTO area_especifica (ac,codigo,ref,descricao) values (76,332,00,'Fundamentos e Crítica das Artes');
INSERT INTO sub_area (ae,codigo,ref,descricao) values (332,default,00,'Fundamentos e Crítica das Artes');
INSERT INTO sub_area (ae,codigo,ref,descricao) values (332,default,00,'Teoria da Arte');
INSERT INTO sub_area (ae,codigo,ref,descricao) values (332,default,00,'História da Arte');
INSERT INTO sub_area (ae,codigo,ref,descricao) values (332,default,00,'Crítica da Arte');
INSERT INTO area_especifica (ac,codigo,ref,descricao) values (76,333,00,'Artes Plásticas ');
INSERT INTO sub_area (ae,codigo,ref,descricao) values (333,default,00,'Artes Plásticas ');
INSERT INTO sub_area (ae,codigo,ref,descricao) values (333,default,00,'Pintura');
INSERT INTO sub_area (ae,codigo,ref,descricao) values (333,default,00,'Desenho');
INSERT INTO sub_area (ae,codigo,ref,descricao) values (333,default,00,'Gravura');
INSERT INTO sub_area (ae,codigo,ref,descricao) values (333,default,00,'Escultura');
INSERT INTO sub_area (ae,codigo,ref,descricao) values (333,default,00,'Cerâmica');
INSERT INTO sub_area (ae,codigo,ref,descricao) values (333,default,00,'Tecelagem');
INSERT INTO area_especifica (ac,codigo,ref,descricao) values (76,334,00,'Música');
INSERT INTO sub_area (ae,codigo,ref,descricao) values (334,default,00,'Música');
INSERT INTO sub_area (ae,codigo,ref,descricao) values (334,default,00,'Regência');
INSERT INTO sub_area (ae,codigo,ref,descricao) values (334,default,00,'Instrumentação Musical ');
INSERT INTO sub_area (ae,codigo,ref,descricao) values (334,default,00,'Composição Musical ');
INSERT INTO sub_area (ae,codigo,ref,descricao) values (334,default,00,'Canto');
INSERT INTO area_especifica (ac,codigo,ref,descricao) values (76,335,00,'Dança');
INSERT INTO sub_area (ae,codigo,ref,descricao) values (335,default,00,'Dança');
INSERT INTO sub_area (ae,codigo,ref,descricao) values (335,default,00,'Execução da Dança');
INSERT INTO sub_area (ae,codigo,ref,descricao) values (335,default,00,'Coreografia');
INSERT INTO area_especifica (ac,codigo,ref,descricao) values (76,336,00,'Teatro');
INSERT INTO sub_area (ae,codigo,ref,descricao) values (336,default,00,'Teatro');
INSERT INTO sub_area (ae,codigo,ref,descricao) values (336,default,00,'Dramaturgia');
INSERT INTO sub_area (ae,codigo,ref,descricao) values (336,default,00,'Direção Teatral ');
INSERT INTO sub_area (ae,codigo,ref,descricao) values (336,default,00,'Cenografia');
INSERT INTO sub_area (ae,codigo,ref,descricao) values (336,default,00,'Interpretação Teatral ');
INSERT INTO area_especifica (ac,codigo,ref,descricao) values (76,337,00,'Ópera');
INSERT INTO sub_area (ae,codigo,ref,descricao) values (337,default,00,'Ópera');
INSERT INTO area_especifica (ac,codigo,ref,descricao) values (76,338,00,'Fotografia');
INSERT INTO sub_area (ae,codigo,ref,descricao) values (338,default,00,'Fotografia');
INSERT INTO area_especifica (ac,codigo,ref,descricao) values (76,339,00,'Cinema');
INSERT INTO sub_area (ae,codigo,ref,descricao) values (339,default,00,'Cinema');
INSERT INTO sub_area (ae,codigo,ref,descricao) values (339,default,00,'Administração e Produção de Filmes');
INSERT INTO sub_area (ae,codigo,ref,descricao) values (339,default,00,'Roteiro e Direção Cinematográficos ');
INSERT INTO sub_area (ae,codigo,ref,descricao) values (339,default,00,'Técnicas de Registro e Processamento de Filmes');
INSERT INTO sub_area (ae,codigo,ref,descricao) values (339,default,00,'Interpretação Cinematográfica ');
INSERT INTO area_especifica (ac,codigo,ref,descricao) values (76,340,00,'Artes do Vídeo');
INSERT INTO sub_area (ae,codigo,ref,descricao) values (340,default,00,'Artes do Vídeo');
INSERT INTO area_especifica (ac,codigo,ref,descricao) values (76,341,00,'Educação Artística ');
INSERT INTO sub_area (ae,codigo,ref,descricao) values (341,default,00,'Educação Artística ');
